MoleculeId,PredictedProbability
1,0.9947944
2,0.9941485
3,0.079412885
4,0.9838335
5,0.020099169
6,0.7189073
7,0.98473513
8,0.9778426
9,0.9803863
10,0.62423295
11,0.31200445
12,0.9039542
13,0.24093829
14,0.92135286
15,0.8883094
16,0.009653659
17,0.08279301
18,0.08832789
19,0.68261844
20,0.9819187
21,0.007084833
22,0.982864
23,0.9802033
24,0.9924313
25,0.98227894
26,0.75053805
27,0.026284259
28,0.09993401
29,0.15243675
30,0.7701018
31,0.30678245
32,0.005524382
33,0.9139122
34,0.22961271
35,0.5470059
36,0.84562963
37,0.96108955
38,0.9882556
39,0.98274153
40,0.9673344
41,0.22585633
42,0.21183659
43,0.84261143
44,0.9835985
45,0.01715622
46,0.14042978
47,0.9717947
48,0.7535115
49,0.9372052
50,0.8882843
51,0.9063642
52,0.007834603
53,0.9016254
54,0.0416595
55,0.008101371
56,0.9748955
57,0.9946392
58,0.96701384
59,0.9989894
60,0.9160288
61,0.58789444
62,0.76491797
63,0.06494552
64,0.054205414
65,0.7450282
66,0.4638153
67,0.37595537
68,0.039503455
69,0.038909033
70,0.26541132
71,0.9744134
72,0.8925878
73,0.7366019
74,0.9749517
75,0.2336258
76,0.072844796
77,0.9911419
78,0.55669504
79,0.9699444
80,0.46358523
81,0.098142445
82,0.05246414
83,0.05419611
84,0.028406216
85,0.98083067
86,0.86802137
87,0.11598668
88,0.9750035
89,0.96310514
90,0.8709741
91,0.74257946
92,0.7623559
93,0.29542372
94,0.017218683
95,0.9308716
96,0.65649027
97,0.8600955
98,0.9706689
99,0.9512733
100,0.92308533
101,0.80886036
102,0.95929503
103,0.5745963
104,0.3262326
105,0.13776325
106,0.055378273
107,0.936646
108,0.8283234
109,0.98739314
110,0.0067795855
111,0.5479274
112,0.4902594
113,0.015141533
114,0.97382
115,0.9447475
116,0.0045925444
117,0.9613918
118,0.13768145
119,0.5250845
120,0.044488568
121,0.43496427
122,0.104481444
123,0.9405391
124,0.57273155
125,0.35947022
126,0.53874356
127,0.110127784
128,0.8464284
129,0.19970413
130,0.017962608
131,0.023229891
132,0.53662443
133,0.003249954
134,0.9776824
135,0.92581785
136,0.995767
137,0.10900767
138,0.9688729
139,0.82491696
140,0.9414417
141,0.98055595
142,0.919205
143,0.960524
144,0.14578922
145,0.9768181
146,0.033050653
147,0.95115274
148,0.92217
149,0.77942795
150,0.12049343
151,0.0055086915
152,0.8289072
153,0.17361023
154,0.9897323
155,0.9905958
156,0.780142
157,0.67014915
158,0.9000847
159,0.6630367
160,0.0020229002
161,0.86581224
162,0.0046130875
163,0.021486111
164,0.988981
165,0.9626079
166,0.6114268
167,0.5509658
168,0.55633044
169,0.1592467
170,0.9905003
171,0.99085265
172,0.90199614
173,0.65433043
174,0.8861665
175,0.008003536
176,0.88128144
177,0.027858669
178,0.17024708
179,0.8576741
180,0.040631507
181,0.9261594
182,0.8044265
183,0.3765148
184,0.018407492
185,0.9774007
186,0.5810658
187,0.9951493
188,0.39082396
189,0.99577147
190,0.3649708
191,0.014890835
192,0.21603574
193,0.021666411
194,0.8753424
195,0.9909066
196,0.48100924
197,0.99696344
198,0.76986873
199,0.77451015
200,0.013484327
201,0.9518195
202,0.16745825
203,0.55617857
204,0.08730642
205,0.99225897
206,0.68071115
207,0.3960586
208,0.9880802
209,0.84087545
210,0.03962766
211,0.9737065
212,0.9691176
213,0.9800321
214,0.028860513
215,0.7579714
216,0.9796783
217,0.44716853
218,0.09338383
219,0.8959892
220,0.10849572
221,0.5686169
222,0.09347986
223,0.12141923
224,0.9773375
225,0.75008106
226,0.27592853
227,0.20991042
228,0.9706674
229,0.0477502
230,0.587165
231,0.9763565
232,0.97676075
233,0.92982966
234,0.14938882
235,0.9830899
236,0.94196934
237,0.27185917
238,0.2528254
239,0.9693151
240,0.97144055
241,0.03836359
242,0.007139202
243,0.83081764
244,0.66880506
245,0.8935834
246,0.72580403
247,0.023382893
248,0.22872338
249,0.88575655
250,0.02416774
251,0.53282785
252,0.31983727
253,0.7423463
254,0.74370044
255,0.9934181
256,0.20858763
257,0.013338018
258,0.655316
259,0.76223284
260,0.0031869006
261,0.2681862
262,0.030019896
263,0.053643223
264,0.7387925
265,0.40216574
266,0.9917778
267,0.98341584
268,0.15207043
269,0.93968076
270,0.9825462
271,0.9629391
272,0.98211884
273,0.64413416
274,0.22634521
275,0.04403911
276,0.087280445
277,0.86004597
278,0.5954788
279,0.98202896
280,0.27625617
281,0.049910117
282,0.99372935
283,0.92019224
284,0.011628658
285,0.90650856
286,0.9972097
287,0.9928415
288,0.92809325
289,0.98853827
290,0.08106209
291,0.5954789
292,0.2932662
293,0.5899838
294,0.9664149
295,0.0075263437
296,0.12759618
297,0.0019810966
298,0.6260933
299,0.94257283
300,0.84629875
301,0.99228984
302,0.06573446
303,0.8120167
304,0.84630543
305,0.98738587
306,0.9939207
307,0.065110534
308,0.9378722
309,0.50296915
310,0.9854395
311,0.95432323
312,0.68193
313,0.74155366
314,0.03195287
315,0.97456104
316,0.03887743
317,0.97143877
318,0.31226742
319,0.2008832
320,0.14810997
321,0.40137073
322,0.82558334
323,0.8442629
324,0.25117683
325,0.07959864
326,0.9540083
327,0.99579203
328,0.7927623
329,0.20893578
330,0.9569552
331,0.80813986
332,0.8428481
333,0.4837963
334,0.3635387
335,0.9657065
336,0.973225
337,0.9945163
338,0.0066522732
339,0.010252602
340,0.9922829
341,0.95722437
342,0.9041563
343,0.1710691
344,0.20233807
345,0.98624724
346,0.97793555
347,0.18109576
348,0.7186359
349,0.030118149
350,0.7681963
351,0.3741673
352,0.879229
353,0.9866375
354,0.043778647
355,0.68712336
356,0.084689215
357,0.9591635
358,0.054002713
359,0.06292491
360,0.9833877
361,0.48785567
362,0.5946997
363,0.80118704
364,0.38260898
365,0.8874375
366,0.98296493
367,0.8441506
368,0.30569616
369,0.050467808
370,0.047309328
371,0.92429584
372,0.025892755
373,0.7641168
374,0.009198903
375,0.3854443
376,0.98592156
377,0.6483294
378,0.8166419
379,0.9651075
380,0.083690114
381,0.9913936
382,0.93484396
383,0.9944279
384,0.5739221
385,0.98016423
386,0.47896373
387,0.2466944
388,0.0013998542
389,0.0045402567
390,0.9795973
391,0.5636507
392,0.8855578
393,0.96635926
394,0.9153524
395,0.9901502
396,0.008599358
397,0.24093486
398,0.0059463093
399,0.5700946
400,0.9654601
401,0.9888521
402,0.7754354
403,0.016771708
404,0.99616855
405,0.3450996
406,0.020018006
407,0.99056256
408,0.89333904
409,0.14836296
410,0.857578
411,0.78412044
412,0.98906845
413,0.9584859
414,0.04345251
415,0.98390085
416,0.95944905
417,0.71508557
418,0.83319956
419,0.9052423
420,0.6594864
421,0.3847946
422,0.44569778
423,0.46736628
424,0.71877223
425,0.83123565
426,0.04814997
427,0.7561744
428,0.9160847
429,0.87114155
430,0.08058182
431,0.8506714
432,0.9296628
433,0.15260065
434,0.01657233
435,0.4317408
436,0.0047298484
437,0.5556566
438,0.41415793
439,0.0018428268
440,0.10657379
441,0.8340851
442,0.96343476
443,0.7146175
444,0.0064060064
445,0.98495376
446,0.8918074
447,0.45163748
448,0.01729678
449,0.008120879
450,0.98054886
451,0.8078129
452,0.9559798
453,0.6934421
454,0.8917068
455,0.7761566
456,0.9786699
457,0.1577885
458,0.6175814
459,0.019937653
460,0.83496684
461,0.43604764
462,0.98601484
463,0.92628014
464,0.79297954
465,0.96854824
466,0.8084487
467,0.62396574
468,0.23922029
469,0.84223986
470,0.110616796
471,0.031158056
472,0.98922044
473,0.14643793
474,0.4028
475,0.44030046
476,0.18556775
477,0.83149457
478,0.28900838
479,0.28870428
480,0.02415757
481,0.11785842
482,0.008416909
483,0.54355305
484,0.7498514
485,0.007748293
486,0.9651437
487,0.10815137
488,0.06292607
489,0.56652814
490,0.84688246
491,0.0051789093
492,0.92584485
493,0.95184195
494,0.98040134
495,0.082867116
496,0.9898381
497,0.4382369
498,0.051505927
499,0.22246857
500,0.575865
501,0.9634187
502,0.9511999
503,0.31150827
504,0.061564937
505,0.9409205
506,0.3692818
507,0.07881521
508,0.067026585
509,0.71362174
510,0.07382366
511,0.99582493
512,0.9354362
513,0.08879683
514,0.88318706
515,0.9467024
516,0.034504298
517,0.3567052
518,0.08138726
519,0.05042444
520,0.99083155
521,0.5333285
522,0.9659603
523,0.9356353
524,0.426799
525,0.77624214
526,0.025646541
527,0.89585364
528,0.8622098
529,0.003237231
530,0.20457718
531,0.57880944
532,0.004267841
533,0.76304364
534,0.07772649
535,0.06568702
536,0.0051624756
537,0.9978701
538,0.027452217
539,0.99631625
540,0.43573156
541,0.16469066
542,0.03322049
543,0.71328276
544,0.9689297
545,0.94421667
546,0.8812158
547,0.97003067
548,0.3263835
549,0.9516147
550,0.9745106
551,0.70681834
552,0.30385593
553,0.097188234
554,0.316034
555,0.005129661
556,0.83548385
557,0.08499905
558,0.7198931
559,0.9794072
560,0.9819741
561,0.99569726
562,0.97403336
563,0.9161164
564,0.2908494
565,0.25786996
566,0.23669499
567,0.29433832
568,0.8667658
569,0.97663045
570,0.2618055
571,0.6810547
572,0.7761217
573,0.016078943
574,0.977509
575,0.95139796
576,0.13752681
577,0.9165241
578,0.46267232
579,0.7671467
580,0.014124751
581,0.6655988
582,0.99278224
583,0.0033455228
584,0.93028027
585,0.94932675
586,0.9617505
587,0.9938689
588,0.14894265
589,0.04138931
590,0.97724223
591,0.9047515
592,0.0035562702
593,0.9976375
594,0.9839617
595,0.9706039
596,0.2574762
597,0.058811508
598,0.8918744
599,0.9960427
600,0.43728957
601,0.3164106
602,0.86908
603,0.9348805
604,0.6936302
605,0.9218175
606,0.15340495
607,0.9007627
608,0.026245954
609,0.012446606
610,0.76127803
611,0.92616284
612,0.98632205
613,0.21006258
614,0.9562544
615,0.9798701
616,0.4708635
617,0.6378318
618,0.97566605
619,0.00467165
620,0.87362057
621,0.9310101
622,0.9512268
623,0.5741227
624,0.05527546
625,0.025754707
626,0.98818517
627,0.057681933
628,0.9918892
629,0.8812022
630,0.15251796
631,0.06875666
632,0.08146658
633,0.99281025
634,0.9930982
635,0.8631462
636,0.9941531
637,0.9814726
638,0.018703053
639,0.93737924
640,0.58973485
641,0.27640733
642,0.3979026
643,0.04577671
644,0.029124742
645,0.12264969
646,0.44993004
647,0.0051788725
648,0.9807514
649,0.7252725
650,0.9702267
651,0.98219335
652,0.10283773
653,0.66556954
654,0.06102949
655,0.13103276
656,0.97231233
657,0.8895651
658,0.7526863
659,0.97099876
660,0.016365724
661,0.0705399
662,0.92093337
663,0.17512338
664,0.9605949
665,0.9899852
666,0.10534713
667,0.07970896
668,0.98348594
669,0.30639726
670,0.8253763
671,0.09255483
672,0.9942515
673,0.55343026
674,0.90214413
675,0.9844306
676,0.04210386
677,0.09043742
678,0.3236002
679,0.83733416
680,0.0049957265
681,0.19223435
682,0.42245483
683,0.08602413
684,0.6021042
685,0.97945994
686,0.04645122
687,0.09551358
688,0.94931823
689,0.10109023
690,0.59581846
691,0.8779476
692,0.82635313
693,0.68775254
694,0.9769405
695,0.023197724
696,0.9917675
697,0.92938995
698,0.36788863
699,0.9723599
700,0.9636396
701,0.74834514
702,0.137974
703,0.7677886
704,0.91874903
705,0.9706692
706,0.3847489
707,0.94447714
708,0.90982306
709,0.9612232
710,0.9953412
711,0.0067005744
712,0.79747033
713,0.52463764
714,0.37247607
715,0.9693667
716,0.89026374
717,0.18418595
718,0.99613416
719,0.9843572
720,0.70461607
721,0.99745506
722,0.9682215
723,0.9813607
724,0.70701176
725,0.64433503
726,0.019550959
727,0.16087416
728,0.05924284
729,0.0043041427
730,0.5853702
731,0.9035205
732,0.76808345
733,0.9722055
734,0.12747183
735,0.01172066
736,0.021868473
737,0.007415916
738,0.30102044
739,0.9144491
740,0.9236787
741,0.6716579
742,0.79270124
743,0.1463787
744,0.9637564
745,0.9113739
746,0.011920306
747,0.12224069
748,0.93929094
749,0.97912174
750,0.7508461
751,0.021307612
752,0.17346671
753,0.97689444
754,0.91490394
755,0.8994366
756,0.7795729
757,0.81906915
758,0.12213725
759,0.9939568
760,0.80310965
761,0.961023
762,0.7200316
763,0.99418205
764,0.87459147
765,0.6196412
766,0.1489316
767,0.46682116
768,0.8277741
769,0.97611177
770,0.9778661
771,0.003713791
772,0.2771448
773,0.22583047
774,0.7319785
775,0.95104516
776,0.9988325
777,0.3369913
778,0.9386547
779,0.022139423
780,0.98272735
781,0.94883496
782,0.85005176
783,0.07364847
784,0.9731343
785,0.03856138
786,0.9955159
787,0.8914396
788,0.68064785
789,0.2862219
790,0.004265137
791,0.13352604
792,0.014458285
793,0.17561221
794,0.030298142
795,0.4539053
796,0.78917325
797,0.7963998
798,0.44513574
799,0.6071971
800,0.99437356
801,0.036130294
802,0.7500474
803,0.91552526
804,0.9936831
805,0.9894505
806,0.57466567
807,0.36959603
808,0.21386759
809,0.11525544
810,0.04996461
811,0.6532876
812,0.9566037
813,0.51287246
814,0.99591595
815,0.010707366
816,0.92120075
817,0.013780108
818,0.9517524
819,0.47148478
820,0.8695473
821,0.0037630391
822,0.72773445
823,0.0029198022
824,0.014560346
825,0.33956668
826,0.9831312
827,0.5644167
828,0.89957315
829,0.9622685
830,0.99460536
831,0.9643672
832,0.9397219
833,0.079669535
834,0.8829334
835,0.058953643
836,0.7144077
837,0.7110746
838,0.523899
839,0.7543241
840,0.9691009
841,0.9721119
842,0.03061937
843,0.014938144
844,0.19829637
845,0.9224227
846,0.83946025
847,0.8293179
848,0.8923998
849,0.05846109
850,0.27285513
851,0.94446164
852,0.9979292
853,0.9942988
854,0.01210651
855,0.9439843
856,0.2573952
857,0.55664474
858,0.98463166
859,0.07775046
860,0.025627693
861,0.97963846
862,0.933237
863,0.32757282
864,0.9733887
865,0.36946023
866,0.53367656
867,0.8699326
868,0.38108793
869,0.9717216
870,0.71331203
871,0.67246354
872,0.40944934
873,0.9161286
874,0.19930518
875,0.9605412
876,0.8192017
877,0.78607243
878,0.9756349
879,0.9455462
880,0.49821356
881,0.85464203
882,0.8487585
883,0.9820232
884,0.0056850743
885,0.016940242
886,0.42689678
887,0.8131976
888,0.9350295
889,0.024902293
890,0.16654307
891,0.105652444
892,0.017437296
893,0.9940812
894,0.13587405
895,0.9416815
896,0.26781094
897,0.71049625
898,0.53348714
899,0.06720075
900,0.8637
901,0.0029542965
902,0.23783009
903,0.040782284
904,0.98276687
905,0.9915398
906,0.51191384
907,0.43038493
908,0.79755646
909,0.98084384
910,0.02635919
911,0.3392217
912,0.4747457
913,0.9809806
914,0.40228122
915,0.989057
916,0.5085794
917,0.09006058
918,0.75762457
919,0.73318225
920,0.0019413695
921,0.36533007
922,0.99021626
923,0.0076017743
924,0.68820995
925,0.9918041
926,0.74911606
927,0.06387048
928,0.0061657126
929,0.0023625384
930,0.95961773
931,0.020180402
932,0.05796094
933,0.006198131
934,0.97801024
935,0.93565995
936,0.016126674
937,0.961572
938,0.8551488
939,0.9973917
940,0.103744544
941,0.95439965
942,0.38914394
943,0.003980763
944,0.1351189
945,0.66454566
946,0.3472724
947,0.08761259
948,0.7284963
949,0.16403157
950,0.7319248
951,0.9981179
952,0.046878055
953,0.0148152085
954,0.02631005
955,0.01708113
956,0.017521275
957,0.8872502
958,0.08059765
959,0.029418072
960,0.01666332
961,0.50832313
962,0.8214467
963,0.21068558
964,0.984886
965,0.028567962
966,0.992069
967,0.17706363
968,0.9714021
969,0.10014874
970,0.013377692
971,0.43262744
972,0.22669531
973,0.9858765
974,0.98375964
975,0.9760367
976,0.89729124
977,0.9291964
978,0.123754695
979,0.99334246
980,0.31230372
981,0.10370673
982,0.017189594
983,0.8824026
984,0.9656962
985,0.75398964
986,0.006281604
987,0.9247047
988,0.90464807
989,0.090977035
990,0.36327437
991,0.96295595
992,0.105098635
993,0.9670273
994,0.019078527
995,0.0870037
996,0.96737087
997,0.62168425
998,0.034802534
999,0.95482385
1000,0.48089382
1001,0.028340174
1002,0.8472856
1003,0.99146044
1004,0.48803896
1005,0.78936434
1006,0.012269322
1007,0.76943934
1008,0.9924117
1009,0.5527218
1010,0.015624862
1011,0.8198979
1012,0.08976239
1013,0.27094215
1014,0.7035433
1015,0.3949397
1016,0.8326033
1017,0.25555402
1018,0.949103
1019,0.8435511
1020,0.12478924
1021,0.8706579
1022,0.03148816
1023,0.88690835
1024,0.9841123
1025,0.85925883
1026,0.6592447
1027,0.43741512
1028,0.021173138
1029,0.9966223
1030,0.96612054
1031,0.73496383
1032,0.6745994
1033,0.9511146
1034,0.04303997
1035,0.9527164
1036,0.20459978
1037,0.9687529
1038,0.6874239
1039,0.44745162
1040,0.1855294
1041,0.27884963
1042,0.9899889
1043,0.989375
1044,0.28131604
1045,0.62171733
1046,0.979071
1047,0.99807477
1048,0.6882116
1049,0.25192013
1050,0.9950358
1051,0.03853849
1052,0.6938304
1053,0.99369437
1054,0.98111916
1055,0.92463034
1056,0.94938004
1057,0.018586604
1058,0.9719376
1059,0.024093974
1060,0.60288894
1061,0.75916827
1062,0.22131723
1063,0.9879012
1064,0.079306416
1065,0.70698947
1066,0.3653375
1067,0.88340396
1068,0.8938566
1069,0.116464265
1070,0.61229223
1071,0.08288387
1072,0.98191893
1073,0.9953323
1074,0.9563379
1075,0.744981
1076,0.9812665
1077,0.983146
1078,0.17396523
1079,0.9843472
1080,0.99024034
1081,0.6834017
1082,0.44591072
1083,0.7603193
1084,0.9597404
1085,0.05630099
1086,0.73309517
1087,0.08981445
1088,0.99161506
1089,0.97962415
1090,0.7363479
1091,0.8821874
1092,0.9960861
1093,0.9410522
1094,0.9643667
1095,0.98181283
1096,0.345731
1097,0.98002416
1098,0.51211613
1099,0.06564996
1100,0.9898211
1101,0.005808295
1102,0.71923316
1103,0.9770219
1104,0.74923617
1105,0.16597022
1106,0.9920657
1107,0.19437923
1108,0.06719419
1109,0.008042153
1110,0.9551906
1111,0.0332891
1112,0.9801713
1113,0.98514754
1114,0.13050331
1115,0.97996706
1116,0.0052039125
1117,0.55009806
1118,0.047606524
1119,0.08415585
1120,0.10711888
1121,0.6334973
1122,0.39319205
1123,0.59840846
1124,0.39856207
1125,0.06372024
1126,0.99502796
1127,0.011172309
1128,0.92714834
1129,0.40447813
1130,0.029869985
1131,0.01845808
1132,0.7822984
1133,0.87373906
1134,0.9578566
1135,0.45370156
1136,0.17494196
1137,0.4807915
1138,0.3471899
1139,0.7838054
1140,0.5637606
1141,0.21431229
1142,0.19086519
1143,0.63478523
1144,0.58357155
1145,0.8871319
1146,0.996829
1147,0.7784737
1148,0.22446041
1149,0.47774902
1150,0.9827749
1151,0.8482191
1152,0.8976094
1153,0.44309625
1154,0.9342793
1155,0.9269722
1156,0.9185419
1157,0.011198547
1158,0.3057428
1159,0.007843178
1160,0.9875683
1161,0.8087036
1162,0.2698078
1163,0.9686046
1164,0.27057335
1165,0.9394296
1166,0.101095036
1167,0.99322426
1168,0.0035551467
1169,0.98816305
1170,0.017817186
1171,0.98866034
1172,0.87321424
1173,0.07711756
1174,0.4940241
1175,0.996247
1176,0.012213527
1177,0.7218595
1178,0.07380358
1179,0.19152804
1180,0.033214472
1181,0.9944886
1182,0.95463437
1183,0.97479
1184,0.022216767
1185,0.9859037
1186,0.56349343
1187,0.058046956
1188,0.16871692
1189,0.9936552
1190,0.2999883
1191,0.07946192
1192,0.37783414
1193,0.99300474
1194,0.24014713
1195,0.7815032
1196,0.0040678713
1197,0.97713864
1198,0.97203934
1199,0.99058163
1200,0.14232434
1201,0.4060676
1202,0.9714698
1203,0.99373746
1204,0.12207379
1205,0.40998405
1206,0.9829556
1207,0.67532384
1208,0.7873763
1209,0.01597912
1210,0.9803454
1211,0.03249353
1212,0.8186483
1213,0.138528
1214,0.8556585
1215,0.40675303
1216,0.73186797
1217,0.035476197
1218,0.9840322
1219,0.93219465
1220,0.68692267
1221,0.89269096
1222,0.86539835
1223,0.96432453
1224,0.8288136
1225,0.9510282
1226,0.031137485
1227,0.988725
1228,0.8800775
1229,0.98730254
1230,0.6099413
1231,0.9882345
1232,0.9250262
1233,0.9948302
1234,0.3816649
1235,0.43119255
1236,0.619202
1237,0.01974211
1238,0.8519685
1239,0.8967656
1240,0.25109246
1241,0.9599702
1242,0.03506295
1243,0.18112618
1244,0.0044897357
1245,0.6918529
1246,0.26167092
1247,0.06193368
1248,0.12040886
1249,0.99529296
1250,0.42393804
1251,0.039409425
1252,0.340759
1253,0.4775765
1254,0.30851716
1255,0.8536232
1256,0.36298165
1257,0.9503934
1258,0.35153213
1259,0.9824594
1260,0.8655361
1261,0.9343206
1262,0.99333996
1263,0.6130869
1264,0.51474303
1265,0.9814626
1266,0.96077573
1267,0.9873689
1268,0.9386524
1269,0.013335207
1270,0.35006046
1271,0.044080786
1272,0.98643863
1273,0.7877518
1274,0.9661903
1275,0.9544669
1276,0.475176
1277,0.98638946
1278,0.79590625
1279,0.97142744
1280,0.92216897
1281,0.8596893
1282,0.95452
1283,0.47821224
1284,0.014325626
1285,0.67294145
1286,0.922954
1287,0.23613907
1288,0.75625473
1289,0.77620584
1290,0.9656764
1291,0.97004694
1292,0.43532977
1293,0.008463907
1294,0.97386056
1295,0.8784872
1296,0.030337187
1297,0.00785544
1298,0.8911659
1299,0.99401903
1300,0.082244664
1301,0.29006115
1302,0.17785797
1303,0.9796259
1304,0.49175498
1305,0.08219029
1306,0.9642465
1307,0.9928201
1308,0.91333556
1309,0.9534505
1310,0.97329456
1311,0.8044122
1312,0.95310163
1313,0.17979094
1314,0.9585585
1315,0.4253817
1316,0.9821854
1317,0.6353117
1318,0.03753651
1319,0.0027663799
1320,0.2915387
1321,0.4381893
1322,0.41839436
1323,0.034016915
1324,0.9767799
1325,0.7113294
1326,0.9963952
1327,0.87296575
1328,0.016039468
1329,0.06802594
1330,0.9106013
1331,0.07523722
1332,0.26384553
1333,0.95855147
1334,0.71598965
1335,0.9030054
1336,0.808093
1337,0.12797509
1338,0.027929896
1339,0.8362554
1340,0.05649241
1341,0.9854579
1342,0.99290633
1343,0.9433455
1344,0.9750367
1345,0.98281
1346,0.99518764
1347,0.42415047
1348,0.98607963
1349,0.62203616
1350,0.966684
1351,0.98455966
1352,0.09945093
1353,0.96263736
1354,0.9952944
1355,0.84440655
1356,0.21775909
1357,0.69045365
1358,0.09550212
1359,0.3422809
1360,0.9800888
1361,0.9842858
1362,0.78714204
1363,0.7189413
1364,0.46969596
1365,0.98618627
1366,0.9085462
1367,0.7503993
1368,0.6887331
1369,0.9966079
1370,0.31523812
1371,0.9640876
1372,0.80884445
1373,0.99670655
1374,0.004915107
1375,0.9200893
1376,0.22486493
1377,0.9842642
1378,0.6255169
1379,0.065377615
1380,0.18598709
1381,0.9634071
1382,0.94853634
1383,0.89043885
1384,0.4868963
1385,0.009901205
1386,0.74638915
1387,0.907773
1388,0.9746113
1389,0.005687064
1390,0.77041453
1391,0.9310589
1392,0.11853023
1393,0.96830654
1394,0.97980565
1395,0.8677858
1396,0.2334955
1397,0.12869903
1398,0.018335743
1399,0.48370034
1400,0.2773527
1401,0.21179888
1402,0.985706
1403,0.8859811
1404,0.031106379
1405,0.016141094
1406,0.8193185
1407,0.016444072
1408,0.9457995
1409,0.9044298
1410,0.4229642
1411,0.055434715
1412,0.17804916
1413,0.9768603
1414,0.9607674
1415,0.07028857
1416,0.10513183
1417,0.742321
1418,0.9832114
1419,0.18404202
1420,0.95620036
1421,0.03250142
1422,0.9575842
1423,0.9725928
1424,0.24660403
1425,0.11845172
1426,0.783896
1427,0.014297651
1428,0.004555013
1429,0.13930957
1430,0.70136213
1431,0.37814328
1432,0.44511542
1433,0.008495499
1434,0.31290177
1435,0.041895453
1436,0.4985296
1437,0.103068456
1438,0.9961516
1439,0.023946004
1440,0.9908975
1441,0.751378
1442,0.33778936
1443,0.45628044
1444,0.048412208
1445,0.037565105
1446,0.039305843
1447,0.046448525
1448,0.052799042
1449,0.9822519
1450,0.21716572
1451,0.9548094
1452,0.3838308
1453,0.17668147
1454,0.4316028
1455,0.81485105
1456,0.92572224
1457,0.97902256
1458,0.6716557
1459,0.79856217
1460,0.055326812
1461,0.579978
1462,0.957355
1463,0.6233399
1464,0.8665041
1465,0.97328734
1466,0.0957993
1467,0.9671253
1468,0.07058463
1469,0.73593307
1470,0.96348035
1471,0.9525128
1472,0.51569504
1473,0.92710567
1474,0.16964087
1475,0.21631685
1476,0.11517935
1477,0.97290707
1478,0.20655587
1479,0.30830503
1480,0.9414104
1481,0.0039279396
1482,0.09605279
1483,0.8708725
1484,0.9905567
1485,0.45762828
1486,0.014543019
1487,0.24143893
1488,0.08086624
1489,0.024432335
1490,0.9351743
1491,0.8149883
1492,0.033049595
1493,0.93976825
1494,0.21216108
1495,0.7730775
1496,0.88018036
1497,0.7166673
1498,0.99011225
1499,0.040420193
1500,0.9697168
1501,0.086203806
1502,0.26569614
1503,0.79038817
1504,0.57286704
1505,0.7627857
1506,0.0939289
1507,0.047882307
1508,0.9534569
1509,0.81651634
1510,0.19707341
1511,0.8358423
1512,0.91477704
1513,0.9198404
1514,0.72871155
1515,0.013762344
1516,0.009705524
1517,0.19424173
1518,0.9547454
1519,0.9394731
1520,0.03093327
1521,0.0921318
1522,0.97863775
1523,0.34717202
1524,0.012682981
1525,0.98158044
1526,0.0035707145
1527,0.29915327
1528,0.7751042
1529,0.9952064
1530,0.19509313
1531,0.64425236
1532,0.39313966
1533,0.55698335
1534,0.24569981
1535,0.920679
1536,0.93578786
1537,0.01727351
1538,0.056532785
1539,0.8716451
1540,0.9810337
1541,0.69880164
1542,0.59261996
1543,0.013851399
1544,0.9331941
1545,0.9770687
1546,0.913256
1547,0.8038585
1548,0.6153966
1549,0.6269496
1550,0.29277682
1551,0.992167
1552,0.92144066
1553,0.8866745
1554,0.77907735
1555,0.5778871
1556,0.99306446
1557,0.5554034
1558,0.99123514
1559,0.9875051
1560,0.9900322
1561,0.7482682
1562,0.2903463
1563,0.016370008
1564,0.77759504
1565,0.55239356
1566,0.5757992
1567,0.970139
1568,0.41666314
1569,0.96291506
1570,0.9144202
1571,0.99861383
1572,0.4545648
1573,0.9893751
1574,0.49608678
1575,0.08668045
1576,0.5061642
1577,0.9497226
1578,0.96589947
1579,0.76558733
1580,0.9616894
1581,0.8088054
1582,0.587455
1583,0.7289547
1584,0.99569726
1585,0.63497394
1586,0.049314182
1587,0.97911286
1588,0.7608989
1589,0.4978116
1590,0.010315342
1591,0.18285511
1592,0.5926327
1593,0.9965031
1594,0.097382456
1595,0.7256208
1596,0.8506491
1597,0.41892067
1598,0.9562565
1599,0.9860303
1600,0.5392121
1601,0.9336467
1602,0.56937474
1603,0.012191273
1604,0.9003771
1605,0.031098722
1606,0.17695165
1607,0.98521036
1608,0.020298263
1609,0.9654797
1610,0.9789817
1611,0.9158016
1612,0.52762675
1613,0.44810107
1614,0.09562105
1615,0.49325517
1616,0.16509183
1617,0.19970171
1618,0.690024
1619,0.9909243
1620,0.99574465
1621,0.50130635
1622,0.4695935
1623,0.7114702
1624,0.9887162
1625,0.98939997
1626,0.14393322
1627,0.0057387888
1628,0.70531785
1629,0.7181635
1630,0.015785525
1631,0.67076135
1632,0.46714953
1633,0.96589345
1634,0.36008334
1635,0.31207427
1636,0.10095797
1637,0.99185044
1638,0.9815996
1639,0.11042309
1640,0.49237767
1641,0.18291442
1642,0.9911315
1643,0.7905966
1644,0.051548723
1645,0.9914727
1646,0.34147802
1647,0.7923596
1648,0.6757362
1649,0.5490263
1650,0.6645978
1651,0.98090166
1652,0.9872978
1653,0.36119634
1654,0.39199862
1655,0.06472557
1656,0.90703183
1657,0.95473474
1658,0.98819214
1659,0.1816513
1660,0.9791642
1661,0.03210984
1662,0.03176484
1663,0.096431375
1664,0.22456573
1665,0.8353047
1666,0.15390338
1667,0.9306987
1668,0.1826713
1669,0.9280257
1670,0.8558306
1671,0.14843509
1672,0.966165
1673,0.27544856
1674,0.16603564
1675,0.8926653
1676,0.95261407
1677,0.001478264
1678,0.89211434
1679,0.14689383
1680,0.6254753
1681,0.92714524
1682,0.1692031
1683,0.99355924
1684,0.77910644
1685,0.9942709
1686,0.13819179
1687,0.9161192
1688,0.40146443
1689,0.18010236
1690,0.9932641
1691,0.3806622
1692,0.007061655
1693,0.63090223
1694,0.7956521
1695,0.9716142
1696,0.032289777
1697,0.9832524
1698,0.0065202196
1699,0.010811888
1700,0.011825021
1701,0.9285798
1702,0.8856462
1703,0.60442984
1704,0.66274273
1705,0.31005293
1706,0.51934403
1707,0.92214423
1708,0.0017985684
1709,0.4389057
1710,0.7795029
1711,0.043033186
1712,0.9542102
1713,0.026910262
1714,0.052644882
1715,0.19692804
1716,0.0015879989
1717,0.13445188
1718,0.99119097
1719,0.94115376
1720,0.17185
1721,0.011597428
1722,0.053173695
1723,0.8029021
1724,0.471879
1725,0.26868534
1726,0.9891423
1727,0.96081537
1728,0.43515524
1729,0.98871803
1730,0.9584519
1731,0.7559079
1732,0.38397992
1733,0.98693615
1734,0.9613662
1735,0.9078413
1736,0.9950126
1737,0.022798073
1738,0.9817316
1739,0.9731181
1740,0.99619836
1741,0.9671614
1742,0.98290366
1743,0.9608123
1744,0.30014485
1745,0.058104943
1746,0.20492607
1747,0.0025571878
1748,0.97902465
1749,0.9795008
1750,0.14199682
1751,0.992786
1752,0.95744234
1753,0.6759516
1754,0.16976339
1755,0.016362647
1756,0.96476895
1757,0.9254037
1758,0.009530022
1759,0.8934282
1760,0.9920076
1761,0.955698
1762,0.99478346
1763,0.13366488
1764,0.2234829
1765,0.9268376
1766,0.9039343
1767,0.9439565
1768,0.96598536
1769,0.9956013
1770,0.56866753
1771,0.9401194
1772,0.99635184
1773,0.9775997
1774,0.6697825
1775,0.20058598
1776,0.96818906
1777,0.0031926136
1778,0.91841227
1779,0.046200413
1780,0.38213396
1781,0.98025507
1782,0.927711
1783,0.014520663
1784,0.84952676
1785,0.7913676
1786,0.0021351716
1787,0.8715521
1788,0.3484898
1789,0.24172121
1790,0.40986153
1791,0.29253957
1792,0.6026872
1793,0.99688125
1794,0.057785008
1795,0.14785022
1796,0.9749715
1797,0.41145214
1798,0.2201562
1799,0.42185125
1800,0.2322368
1801,0.9954993
1802,0.053614024
1803,0.010388275
1804,0.4449782
1805,0.9025287
1806,0.8914216
1807,0.15813741
1808,0.028353615
1809,0.98895675
1810,0.8272022
1811,0.9775587
1812,0.33521092
1813,0.97778314
1814,0.92409885
1815,0.99373746
1816,0.46369183
1817,0.9818496
1818,0.27904013
1819,0.721959
1820,0.56878823
1821,0.4483835
1822,0.5555363
1823,0.93175334
1824,0.99185
1825,0.99211484
1826,0.98175174
1827,0.6627777
1828,0.9941094
1829,0.3806007
1830,0.97892064
1831,0.10350792
1832,0.11697387
1833,0.49311835
1834,0.95580846
1835,0.48222297
1836,0.57752204
1837,0.2128848
1838,0.14318153
1839,0.99063474
1840,0.832789
1841,0.008295438
1842,0.94719267
1843,0.8394989
1844,0.12904122
1845,0.9768697
1846,0.31942195
1847,0.96553314
1848,0.48967358
1849,0.38734004
1850,0.5314828
1851,0.9705033
1852,0.028838784
1853,0.68787014
1854,0.96597075
1855,0.93387085
1856,0.9905867
1857,0.3416796
1858,0.014857842
1859,0.15339339
1860,0.9764281
1861,0.9816064
1862,0.1019859
1863,0.9828252
1864,0.9491713
1865,0.81130433
1866,0.9883227
1867,0.98027027
1868,0.9761297
1869,0.9948172
1870,0.3075081
1871,0.5175806
1872,0.94781893
1873,0.3050764
1874,0.044638503
1875,0.026891263
1876,0.9034851
1877,0.004059889
1878,0.11946162
1879,0.86028004
1880,0.9246491
1881,0.83709294
1882,0.23480888
1883,0.62135184
1884,0.04876134
1885,0.95981014
1886,0.18785626
1887,0.7748184
1888,0.9848379
1889,0.9918256
1890,0.015458139
1891,0.947799
1892,0.14832817
1893,0.92779535
1894,0.16978295
1895,0.6846379
1896,0.9447441
1897,0.97051597
1898,0.36264223
1899,0.9953052
1900,0.1898195
1901,0.8133775
1902,0.8004802
1903,0.4739207
1904,0.0058555733
1905,0.04520737
1906,0.22465089
1907,0.95381236
1908,0.05826621
1909,0.9804679
1910,0.21754111
1911,0.36605647
1912,0.99166614
1913,0.022522513
1914,0.97056234
1915,0.6570897
1916,0.04501441
1917,0.3479913
1918,0.17938218
1919,0.93597627
1920,0.19779754
1921,0.9934808
1922,0.49497882
1923,0.007566728
1924,0.48344478
1925,0.9896237
1926,0.5803752
1927,0.0689172
1928,0.9870702
1929,0.8645291
1930,0.0112918895
1931,0.044048328
1932,0.09649216
1933,0.21627763
1934,0.99703026
1935,0.004898007
1936,0.09959357
1937,0.1544712
1938,0.9775095
1939,0.103958495
1940,0.37676048
1941,0.9816704
1942,0.99649006
1943,0.50058967
1944,0.27211598
1945,0.110061
1946,0.22043593
1947,0.30712762
1948,0.31493828
1949,0.01102519
1950,0.60445565
1951,0.98843455
1952,0.018037265
1953,0.99438214
1954,0.36195156
1955,0.49235556
1956,0.16302633
1957,0.06774106
1958,0.04051973
1959,0.92697376
1960,0.11701645
1961,0.014908983
1962,0.13690738
1963,0.5358797
1964,0.6262036
1965,0.63850856
1966,0.64040446
1967,0.92176217
1968,0.3961055
1969,0.95560443
1970,0.33245122
1971,0.81426793
1972,0.80055654
1973,0.9768738
1974,0.66894895
1975,0.8016394
1976,0.9606029
1977,0.05992601
1978,0.7967957
1979,0.004254987
1980,0.840592
1981,0.98158514
1982,0.062709324
1983,0.412665
1984,0.21187402
1985,0.27320525
1986,0.98075104
1987,0.37731814
1988,0.5438871
1989,0.997846
1990,0.64374065
1991,0.95276284
1992,0.8509852
1993,0.9839655
1994,0.2730097
1995,0.27353513
1996,0.85077894
1997,0.99340135
1998,0.99242425
1999,0.61741084
2000,0.36572748
2001,0.31689706
2002,0.9942536
2003,0.90272903
2004,0.9893874
2005,0.93821853
2006,0.030285737
2007,0.009948735
2008,0.9924521
2009,0.01162845
2010,0.27744812
2011,0.03147873
2012,0.8033147
2013,0.90399945
2014,0.7921703
2015,0.9679382
2016,0.9869049
2017,0.07434762
2018,0.38137257
2019,0.9736409
2020,0.98397243
2021,0.26233226
2022,0.8661767
2023,0.115079336
2024,0.4406837
2025,0.20303333
2026,0.08748518
2027,0.04094257
2028,0.2581698
2029,0.03511936
2030,0.8908494
2031,0.12623434
2032,0.8430468
2033,0.6782711
2034,0.13940099
2035,0.9545578
2036,0.69400805
2037,0.016030705
2038,0.09127569
2039,0.7341034
2040,0.92401254
2041,0.63820046
2042,0.2025465
2043,0.18776155
2044,0.15876082
2045,0.4007471
2046,0.6222962
2047,0.98494405
2048,0.996231
2049,0.013025087
2050,0.017736606
2051,0.07774969
2052,0.99628913
2053,0.96842974
2054,0.63077897
2055,0.8790091
2056,0.5426485
2057,0.95276713
2058,0.97446907
2059,0.4763537
2060,0.76398885
2061,0.3398794
2062,0.9965932
2063,0.9446302
2064,0.014236344
2065,0.16838059
2066,0.5194941
2067,0.44501728
2068,0.29953
2069,0.924211
2070,0.98712236
2071,0.078955024
2072,0.20561732
2073,0.9665267
2074,0.99394625
2075,0.5783695
2076,0.9947195
2077,0.2765294
2078,0.9171718
2079,0.9923354
2080,0.99622416
2081,0.997825
2082,0.21280019
2083,0.44229585
2084,0.99358255
2085,0.08851961
2086,0.11477873
2087,0.026460547
2088,0.17976935
2089,0.92206913
2090,0.014216778
2091,0.20547271
2092,0.9351594
2093,0.078776024
2094,0.9552838
2095,0.7150637
2096,0.21289939
2097,0.982028
2098,0.61107415
2099,0.99523973
2100,0.86057985
2101,0.25468794
2102,0.058653627
2103,0.3579256
2104,0.7531088
2105,0.6712512
2106,0.09779815
2107,0.9727409
2108,0.92842484
2109,0.8992713
2110,0.8782359
2111,0.033776004
2112,0.13278995
2113,0.9186397
2114,0.34951398
2115,0.18764547
2116,0.020545254
2117,0.91880894
2118,0.18725264
2119,0.013561868
2120,0.92971206
2121,0.95199937
2122,0.99198943
2123,0.89219904
2124,0.078807324
2125,0.9528389
2126,0.36192393
2127,0.6233726
2128,0.90759194
2129,0.9920699
2130,0.106500484
2131,0.8578507
2132,0.11227918
2133,0.12247585
2134,0.87943345
2135,0.9669676
2136,0.042709067
2137,0.9211166
2138,0.98724395
2139,0.78770113
2140,0.009123741
2141,0.026676452
2142,0.7074585
2143,0.87651044
2144,0.16884892
2145,0.20086712
2146,0.98119974
2147,0.9564005
2148,0.37277254
2149,0.50109386
2150,0.4813025
2151,0.1597136
2152,0.2312752
2153,0.13726793
2154,0.7957289
2155,0.9111283
2156,0.0073923385
2157,0.04215574
2158,0.48214114
2159,0.8415377
2160,0.9834178
2161,0.997635
2162,0.6034186
2163,0.7324402
2164,0.8840993
2165,0.9579644
2166,0.84265965
2167,0.95966136
2168,0.20050642
2169,0.0030168463
2170,0.9318527
2171,0.6219014
2172,0.9706828
2173,0.2221076
2174,0.0117922975
2175,0.0028388656
2176,0.96131426
2177,0.16825485
2178,0.11057726
2179,0.90027815
2180,0.9408694
2181,0.92795914
2182,0.46236727
2183,0.3945457
2184,0.06430252
2185,0.573282
2186,0.2560904
2187,0.02962226
2188,0.9991843
2189,0.015296842
2190,0.15501662
2191,0.13022627
2192,0.3270049
2193,0.9410145
2194,0.16307777
2195,0.03868773
2196,0.405736
2197,0.41465893
2198,0.10950107
2199,0.70301825
2200,0.9365473
2201,0.61528903
2202,0.9424142
2203,0.15315734
2204,0.8845826
2205,0.005749638
2206,0.36674455
2207,0.8055367
2208,0.99265987
2209,0.056757532
2210,0.0392796
2211,0.9506637
2212,0.8472421
2213,0.96666723
2214,0.88548553
2215,0.99658966
2216,0.86770326
2217,0.87054825
2218,0.6139255
2219,0.41948345
2220,0.9953768
2221,0.76377463
2222,0.92822397
2223,0.9948527
2224,0.3486991
2225,0.06963242
2226,0.39399356
2227,0.6678941
2228,0.4439591
2229,0.003750602
2230,0.9560458
2231,0.95429546
2232,0.006587933
2233,0.9908539
2234,0.04262827
2235,0.0035739187
2236,0.01637162
2237,0.007819114
2238,0.12571548
2239,0.9965444
2240,0.07064612
2241,0.99362564
2242,0.99570197
2243,0.48046413
2244,0.9982735
2245,0.9834131
2246,0.06399105
2247,0.5791424
2248,0.7018602
2249,0.9560555
2250,0.4399432
2251,0.18601058
2252,0.011381093
2253,0.65850186
2254,0.90230286
2255,0.80764204
2256,0.5571553
2257,0.014581243
2258,0.6086503
2259,0.90200937
2260,0.9377056
2261,0.99414057
2262,0.13513176
2263,0.1896014
2264,0.3927284
2265,0.99625874
2266,0.9950016
2267,0.34888196
2268,0.2988723
2269,0.012772805
2270,0.42566508
2271,0.9937749
2272,0.17242126
2273,0.74510604
2274,0.37871715
2275,0.84313226
2276,0.895522
2277,0.011561456
2278,0.4507391
2279,0.19767636
2280,0.026112579
2281,0.46792033
2282,0.20533375
2283,0.24039532
2284,0.04458696
2285,0.13632028
2286,0.08206328
2287,0.13135147
2288,0.9857631
2289,0.9896667
2290,0.9603138
2291,0.9896718
2292,0.10918504
2293,0.9970312
2294,0.8735531
2295,0.97738963
2296,0.0073092836
2297,0.122338645
2298,0.8535615
2299,0.50474095
2300,0.99650687
2301,0.16004232
2302,0.9908292
2303,0.8302308
2304,0.9479598
2305,0.7646274
2306,0.76134527
2307,0.9588104
2308,0.08029306
2309,0.92379266
2310,0.9672278
2311,0.017984813
2312,0.9492608
2313,0.9943294
2314,0.9926843
2315,0.027097002
2316,0.91482365
2317,0.0024082472
2318,0.7686674
2319,0.8967976
2320,0.41473886
2321,0.97926486
2322,0.81995475
2323,0.26941836
2324,0.9954952
2325,0.092205696
2326,0.88178825
2327,0.9046372
2328,0.9860831
2329,0.04960749
2330,0.6524884
2331,0.29111156
2332,0.026319958
2333,0.93313164
2334,0.37447223
2335,0.4075699
2336,0.9958872
2337,0.067389816
2338,0.95186865
2339,0.2984561
2340,0.9899339
2341,0.98628545
2342,0.9863435
2343,0.99801433
2344,0.29040024
2345,0.92699474
2346,0.75103223
2347,0.7654801
2348,0.021078883
2349,0.7225561
2350,0.033259686
2351,0.98394716
2352,0.020089766
2353,0.51235837
2354,0.1266185
2355,0.02610808
2356,0.28679904
2357,0.9388855
2358,0.4041788
2359,0.9924407
2360,0.8098906
2361,0.9601263
2362,0.10454786
2363,0.77683884
2364,0.0177638
2365,0.45656735
2366,0.99299836
2367,0.9843806
2368,0.34349334
2369,0.9897329
2370,0.9161046
2371,0.9511822
2372,0.98983824
2373,0.089884534
2374,0.48181748
2375,0.35086453
2376,0.98377556
2377,0.041646563
2378,0.04038492
2379,0.0023251749
2380,0.9878626
2381,0.0072303405
2382,0.02306893
2383,0.8646386
2384,0.17831522
2385,0.03025877
2386,0.8039169
2387,0.98091125
2388,0.07476836
2389,0.9803735
2390,0.5260547
2391,0.986134
2392,0.52352446
2393,0.9893628
2394,0.98059493
2395,0.08447937
2396,0.9848112
2397,0.008934154
2398,0.0043306793
2399,0.8905563
2400,0.8142577
2401,0.67538875
2402,0.66125506
2403,0.5819528
2404,0.98553234
2405,0.77706975
2406,0.9373029
2407,0.7978386
2408,0.99382365
2409,0.9956251
2410,0.7380858
2411,0.9788487
2412,0.81724685
2413,0.92949027
2414,0.020659646
2415,0.051668804
2416,0.70953727
2417,0.28814238
2418,0.37598807
2419,0.016509367
2420,0.044759337
2421,0.02404804
2422,0.5880925
2423,0.2770801
2424,0.9896679
2425,0.395383
2426,0.92646664
2427,0.014177223
2428,0.9654524
2429,0.39807633
2430,0.9902991
2431,0.87177
2432,0.14132315
2433,0.39693457
2434,0.59261584
2435,0.107481614
2436,0.9771149
2437,0.052516967
2438,0.06823495
2439,0.9516108
2440,0.99365306
2441,0.98598665
2442,0.0063190665
2443,0.0023446968
2444,0.9275349
2445,0.95103997
2446,0.7617419
2447,0.9914642
2448,0.0061936565
2449,0.3663817
2450,0.025024408
2451,0.09903654
2452,0.038254786
2453,0.15622252
2454,0.93162316
2455,0.0050494084
2456,0.010040385
2457,0.91511565
2458,0.29187033
2459,0.03135279
2460,0.9961396
2461,0.41677445
2462,0.784606
2463,0.9956773
2464,0.9970072
2465,0.56490755
2466,0.9977125
2467,0.6023471
2468,0.038111083
2469,0.904254
2470,0.6056366
2471,0.97721875
2472,0.14748946
2473,0.9674617
2474,0.7302452
2475,0.31419906
2476,0.9737603
2477,0.17019828
2478,0.11099293
2479,0.8872254
2480,0.99104625
2481,0.14874417
2482,0.8711762
2483,0.01862249
2484,0.48241508
2485,0.7608062
2486,0.9929213
2487,0.018675558
2488,0.22361833
2489,0.79503226
2490,0.28143737
2491,0.9544391
2492,0.9931126
2493,0.98631346
2494,0.57744086
2495,0.7570376
2496,0.2061523
2497,0.54915744
2498,0.17705189
2499,0.99739134
2500,0.9187512
2501,0.24403277
