MoleculeId,PredictedProbability
1,0.7892664674059514
2,0.8227262471300483
3,0.17943424101249109
4,0.9004491935036367
5,0.20397113181538934
6,0.5076640456032013
7,0.8713823155268691
8,0.8058141718767626
9,0.8122165560392434
10,0.6609108193006921
11,0.5791529625161098
12,0.6133612236064152
13,0.788023335074835
14,0.8131498433938184
15,0.5145914366482726
16,0.2758015073215662
17,0.2431074057740466
18,0.10529191946099208
19,0.3647837374236435
20,0.3848694667742516
21,0.2136022928490873
22,0.7812819669653293
23,0.7473796793160186
24,0.8897957723546208
25,0.9908247211639205
26,0.7180356148441445
27,0.20084900811933842
28,0.2579915944897328
29,0.21217620491787675
30,0.3092050812356494
31,0.12398396209751503
32,0.13730952055820356
33,0.7736397978409797
34,0.15163883398834754
35,0.22725854812914942
36,0.7373418980721685
37,0.7464067725508189
38,0.8130862335540922
39,0.8701680657673527
40,0.9655632557344798
41,0.4600794824739743
42,0.18874776035199112
43,0.8850238774752788
44,0.8917275324443207
45,0.18743291953975502
46,0.6434222068544927
47,0.6683260016448808
48,0.7441145186695367
49,0.8172370370331327
50,0.6018332884473978
51,0.7823098860901856
52,0.07406189707623324
53,0.8673355398783166
54,0.13031878453089865
55,0.13247871384537593
56,0.9556834723386244
57,0.8720345633108879
58,0.8304313524473835
59,0.9515414383765199
60,0.6329219939517113
61,0.687690249106539
62,0.7082287291152642
63,0.2405343401044702
64,0.085322682407334
65,0.31612239454912944
66,0.3284353363433113
67,0.39120145879842094
68,0.12674048371010335
69,0.2272062072124289
70,0.16022566521641252
71,0.6079132834821238
72,0.32464288508429356
73,0.760460634074534
74,0.8854931319434023
75,0.7105320943682882
76,0.1801542889455287
77,0.9825090023951101
78,0.27744726824290994
79,0.8199901441064373
80,0.20533609664874974
81,0.6226286075475103
82,0.5961043584205062
83,0.1495344194127293
84,0.13199712434281316
85,0.2757829582164128
86,0.4844071073122944
87,0.3165293260631804
88,0.3703127395179318
89,0.5909638734498942
90,0.6552631199940983
91,0.7283490729111919
92,0.5992100016608661
93,0.2879178571627394
94,0.23761845593075254
95,0.6467479562401014
96,0.23548197985691244
97,0.6915903247489982
98,0.6723955587326926
99,0.9483944474893986
100,0.8250058085971728
101,0.6740220730665087
102,0.7513637265020929
103,0.8497693688741483
104,0.5822393786999607
105,0.7014204810901014
106,0.20379350505343377
107,0.6225853928685571
108,0.541231144213264
109,0.9679423945748934
110,0.08628457786178792
111,0.40348994646261455
112,0.896038652341574
113,0.09595856300471746
114,0.9331612054188796
115,0.9266025798773859
116,0.20091976664954256
117,0.6995027489770397
118,0.1938542869213661
119,0.6993245212489707
120,0.16759014552679846
121,0.20252367233558594
122,0.18689763761895306
123,0.6705859153729479
124,0.38191155330289556
125,0.6938163099518263
126,0.07223044186691839
127,0.3864213893347794
128,0.6506149763755956
129,0.26809030306902487
130,0.3051605843305891
131,0.2531649336684652
132,0.29142466484153634
133,0.11047466637045356
134,0.9000909411713116
135,0.46802619876160034
136,0.9061265222394406
137,0.18462362601873605
138,0.7272031274408577
139,0.7843160377134949
140,0.6779600886930327
141,0.8610407708500091
142,0.8510005230254082
143,0.6269205802479028
144,0.25846483880650667
145,0.8431094740426839
146,0.08395891280912031
147,0.4824253959672396
148,0.6749475050070096
149,0.7583766989923794
150,0.1203186948812447
151,0.13503302954061935
152,0.581474266340135
153,0.6177016837270481
154,0.8870070582609626
155,0.9261524716229856
156,0.5376827911426668
157,0.43462327110624044
158,0.9281572299489421
159,0.7502398932059122
160,0.08131246602082716
161,0.7170350684305316
162,0.5256261551431646
163,0.11361183527242932
164,0.8866180399291244
165,0.8373541402938788
166,0.10741807803386641
167,0.5412027159133057
168,0.5569375092897427
169,0.5173588066299726
170,0.9089607367542344
171,0.9583247009021424
172,0.7080353442342888
173,0.1581042344924797
174,0.6707089287349532
175,0.18868491882680208
176,0.7913445858065901
177,0.18804310579920486
178,0.1671322846083952
179,0.4671294762486582
180,0.5624596750679246
181,0.6804486821208581
182,0.7482659808948643
183,0.47138017841738106
184,0.16581411052389533
185,0.9522714550029784
186,0.3505998500536579
187,0.8625401077073626
188,0.523741784910645
189,0.9210195701975109
190,0.8421126421188841
191,0.12615018842151
192,0.743805154553609
193,0.2470478735607547
194,0.8526210865811767
195,0.91798273548107
196,0.35294069716031734
197,0.9037556753925515
198,0.9205876164691754
199,0.3655843982231811
200,0.6179717880427926
201,0.7280089616422758
202,0.1878437346618845
203,0.6923408383770175
204,0.2812797959089026
205,0.9570988145385517
206,0.5173999243714695
207,0.5097566264992895
208,0.9451802422934225
209,0.8181195222635932
210,0.33730180099333035
211,0.8587351092574015
212,0.7541304882409571
213,0.8883745322354121
214,0.26197185563232994
215,0.8950819518898548
216,0.9043291359972139
217,0.6598778228232959
218,0.6360683319359325
219,0.9582057933447676
220,0.5611025564960543
221,0.6800053921967153
222,0.21546675387159434
223,0.19968986742298836
224,0.6575597476560116
225,0.7925598991256818
226,0.6567511002641264
227,0.4249152367991375
228,0.8724341866645812
229,0.23153098737657235
230,0.3828112536039522
231,0.5926529838670224
232,0.8082132878719718
233,0.6090499712197925
234,0.5110674667398485
235,0.640886553905101
236,0.8783994537492459
237,0.2822761191312907
238,0.39070342765858673
239,0.630814319768665
240,0.7770492937043026
241,0.21907651000405015
242,0.12277628287586059
243,0.22820537285776438
244,0.5546193102979029
245,0.5703634460634973
246,0.8326502555343382
247,0.15887589195480734
248,0.13372476913419842
249,0.8982685545767453
250,0.16286196572057052
251,0.8594839824992223
252,0.24220824380513614
253,0.1621213697677715
254,0.5128787287386793
255,0.8272754508365726
256,0.5845595665293011
257,0.12701108507636508
258,0.44703782049471785
259,0.3261645318953444
260,0.2818047136703758
261,0.2130862137667936
262,0.19955713107982223
263,0.480446422754944
264,0.30735843390292367
265,0.1601470915899322
266,0.806091631228845
267,0.39110526498922915
268,0.2661025848769615
269,0.7124770737773799
270,0.694438961760707
271,0.9583146158115782
272,0.8461663464622772
273,0.7452853009663579
274,0.7438413983507499
275,0.26271528492703083
276,0.260995159522862
277,0.763794534508962
278,0.25938254319434645
279,0.6183310948835715
280,0.22781916539128272
281,0.10744334962145949
282,0.7810053666739207
283,0.6340154316909625
284,0.17136061672890052
285,0.6045796284310326
286,0.882501457692447
287,0.8264579389598815
288,0.5388809670641939
289,0.905142502286779
290,0.1985080865842276
291,0.23608554276951924
292,0.25113699099907677
293,0.7755619016644767
294,0.6683149549790166
295,0.09041472253487344
296,0.4423699778795627
297,0.12327035664697174
298,0.3957317019731379
299,0.8237765102669908
300,0.8967381534348996
301,0.6571064815302767
302,0.17943666345654305
303,0.5114593653921501
304,0.8988601104590725
305,0.9728361818050367
306,0.8539747124148401
307,0.08912413541167225
308,0.944963525661281
309,0.6863391224754879
310,0.7631376029557122
311,0.929936881514944
312,0.3734458859870371
313,0.9284835666760376
314,0.20763166059503232
315,0.8051676401307035
316,0.16157578523467792
317,0.922244739310029
318,0.2318468845175141
319,0.3008789571449437
320,0.16808631045903785
321,0.23230064640710507
322,0.8333656262149994
323,0.8287452272231598
324,0.4646448982940607
325,0.2380559250367603
326,0.9165113237294665
327,0.8762025205583424
328,0.9609360724266411
329,0.38377150006874533
330,0.7392040031254826
331,0.8955881007456781
332,0.8284334809072588
333,0.6694684979235802
334,0.27103914144457714
335,0.5440151654710482
336,0.7736237528834753
337,0.7761476310033806
338,0.07400580322359634
339,0.07775098170349663
340,0.8230531727448314
341,0.7790805980800486
342,0.9032273729498125
343,0.039362841251778885
344,0.6332668996339809
345,0.9458634163659152
346,0.934438467604274
347,0.5199869065377621
348,0.3683463493164806
349,0.30970047020181635
350,0.8060127167463159
351,0.21183017824824257
352,0.6158609486652873
353,0.8726245788841079
354,0.10436854857445671
355,0.7499866127144017
356,0.7839763623104341
357,0.9241853420941258
358,0.19233852368515442
359,0.22505190666670055
360,0.6911767684131012
361,0.8284578845783485
362,0.8397255049001265
363,0.7754647624687246
364,0.48998882240798064
365,0.7624117407302727
366,0.787276579540532
367,0.6571977220306343
368,0.41439080792794264
369,0.09238612604134819
370,0.26290441818168947
371,0.5728678647913216
372,0.1837214325669254
373,0.669133466305981
374,0.06657328106724589
375,0.7727082836006028
376,0.9081261603703903
377,0.8912865542639973
378,0.8597957905237866
379,0.8639268671091863
380,0.193914721241449
381,0.877251979833502
382,0.8758710687433056
383,0.8504323373045243
384,0.7270007336203741
385,0.8295463057986842
386,0.8275200958408397
387,0.12563821212190002
388,0.15350974822248187
389,0.11814275295899068
390,0.9172906643123903
391,0.33605602017932584
392,0.7585108760201196
393,0.8599283135986738
394,0.6709564137838079
395,0.926044125867568
396,0.10060072477683711
397,0.3136214049949677
398,0.18314272516031704
399,0.5107633228629588
400,0.7155914480084544
401,0.9085959841073187
402,0.6733719577353745
403,0.1546616663929359
404,0.782805423165047
405,0.5372821176436193
406,0.2004809892985077
407,0.9601828064435399
408,0.5974737901869571
409,0.1205721893548869
410,0.773561888637224
411,0.8306690742424587
412,0.8792643025716513
413,0.9175162271902799
414,0.42997972283124114
415,0.5724955454755488
416,0.8997237525586489
417,0.709484086186983
418,0.864988341108241
419,0.5450081836651154
420,0.5295761953478844
421,0.380321214306842
422,0.4139665625995432
423,0.730661019138253
424,0.6026942014373725
425,0.783465675028274
426,0.08721672131796412
427,0.849588193005446
428,0.6838763034286962
429,0.7519885392975286
430,0.15707910146167697
431,0.7281862705904713
432,0.5497107147228885
433,0.24132584322355002
434,0.20936145331041137
435,0.4855297781075342
436,0.11621314660687072
437,0.7516348729957811
438,0.7992746488539377
439,0.07971738850846395
440,0.16619628543103518
441,0.3945633083868964
442,0.6358276655529626
443,0.7546478395365221
444,0.08060594285271058
445,0.7515816266365752
446,0.7393210459501701
447,0.2975101645214473
448,0.16929003409518098
449,0.14517397283088465
450,0.8018427325958345
451,0.780231537064861
452,0.8564505486515548
453,0.3297764276588568
454,0.8865231490913943
455,0.4788569004127695
456,0.7312931746994132
457,0.47139763185205824
458,0.6163595604187688
459,0.17132477479860536
460,0.9516233226803347
461,0.07224845855007887
462,0.9028534997731582
463,0.7400267209855226
464,0.6758848354094437
465,0.5099468754488682
466,0.43066864633259694
467,0.18615427801101683
468,0.5115520465071847
469,0.6756686871870835
470,0.21726252832263393
471,0.15253669174498732
472,0.9150114216659716
473,0.19649726416212673
474,0.5130454033922939
475,0.3895961018197357
476,0.25469678567318355
477,0.8406715420638454
478,0.34049111784717795
479,0.3262418233243418
480,0.158913282267708
481,0.7778023424659115
482,0.4522999284791608
483,0.7136851968781992
484,0.8409195348747127
485,0.12120183790838178
486,0.8122475841341135
487,0.5310454527806381
488,0.31577327796272214
489,0.5380325164219156
490,0.8217895232143049
491,0.6672731675881277
492,0.46733499331982864
493,0.8736406210527524
494,0.8435528330792843
495,0.7134310403336003
496,0.7627687783139604
497,0.7349277937218528
498,0.19949777057017415
499,0.14583196993127853
500,0.12246958390284501
501,0.9463481016336023
502,0.7797691810078923
503,0.7502634691768809
504,0.19525840748820966
505,0.8904196965441779
506,0.8353657033268517
507,0.2294463429263068
508,0.3538552225001028
509,0.4106270248988842
510,0.24165502126659924
511,0.8313406507915139
512,0.6806233469681088
513,0.49178322793074153
514,0.8932024886752412
515,0.8975163546922097
516,0.29224807141407266
517,0.4809105756442087
518,0.14117828741550742
519,0.21265427993488564
520,0.8339907330408666
521,0.5174181840535859
522,0.6241815373203347
523,0.9019066815943438
524,0.4361771006843814
525,0.9262038649376362
526,0.2957709463713636
527,0.6419281396606864
528,0.8733005951452495
529,0.27238594244291825
530,0.2643876237535284
531,0.8145087944090843
532,0.1427277888397147
533,0.7194361511102436
534,0.2865679468849567
535,0.23744793383800408
536,0.06853859283704582
537,0.9712791846898471
538,0.21290074818264906
539,0.9033218067043807
540,0.19150825411263175
541,0.1294576442944703
542,0.19425421240615517
543,0.46867827527372286
544,0.7124740618635238
545,0.5940020271613711
546,0.6444136486370439
547,0.9361290473208429
548,0.4994079813556563
549,0.8726525769939527
550,0.936288687515804
551,0.7336454031110767
552,0.5893758890657532
553,0.15080952762417557
554,0.310906080893783
555,0.09723736847847159
556,0.8263452980236494
557,0.4274059973889035
558,0.585236904730178
559,0.7519928698310855
560,0.8300335551844235
561,0.788319341371568
562,0.9628281673840944
563,0.6152560611281173
564,0.6467370813879139
565,0.21984376876811232
566,0.1132572825346116
567,0.44108475803057035
568,0.7424932807952316
569,0.7386460754176161
570,0.38983162183688863
571,0.758564445057288
572,0.7911166508610956
573,0.19462169773810467
574,0.9464915241471638
575,0.6153854966150502
576,0.42500989789708227
577,0.790577793082786
578,0.30634932955623617
579,0.3483896984262469
580,0.3513870304540503
581,0.6138652191433988
582,0.8231659016512437
583,0.09505308042445637
584,0.6614225516030741
585,0.6891081656433831
586,0.45938601097186615
587,0.9597666894330635
588,0.13149282337998966
589,0.15606067243798968
590,0.8707667332619179
591,0.8569042322366461
592,0.07065395569155147
593,0.9209224968251702
594,0.9304139267551633
595,0.7379373049138968
596,0.1916728005605092
597,0.192888133541785
598,0.7314873751639116
599,0.937331375055234
600,0.7335169203146809
601,0.1011701804247027
602,0.2696211427259303
603,0.8801765169829935
604,0.6069270264592279
605,0.4132258762560188
606,0.31762715042793693
607,0.7427837050458534
608,0.20226062652948282
609,0.09307123780229122
610,0.7568195892641724
611,0.8583917209480135
612,0.8089260409301279
613,0.588437824785021
614,0.622377649276317
615,0.7995609713593972
616,0.5066772491187146
617,0.6022656798539026
618,0.8216420520623615
619,0.0599547614141552
620,0.792727457102612
621,0.8001923994014535
622,0.6906706446822186
623,0.6674433349241274
624,0.2598374836652345
625,0.19783089557969466
626,0.8772064313511864
627,0.2879444231658733
628,0.600413342021076
629,0.2845863543665333
630,0.12650680125545377
631,0.11630582551782996
632,0.6409463754867956
633,0.7797321553030442
634,0.7878768119540687
635,0.8401659521719165
636,0.8845261142213419
637,0.9355705516498302
638,0.3847482907222952
639,0.85163645131828
640,0.5073935414088897
641,0.11749523455866114
642,0.6687417657962771
643,0.1668267191362012
644,0.12325706374312852
645,0.21124325065563393
646,0.8203208174683058
647,0.2571595413157464
648,0.9889228243621354
649,0.5438656594444726
650,0.704019852035237
651,0.8025125577472069
652,0.21868749174906688
653,0.10176363209022771
654,0.21130924296057424
655,0.16398713432359413
656,0.8438927007021303
657,0.46066516873036606
658,0.6555881953440549
659,0.40936535621774434
660,0.19588028356320278
661,0.14713529448568843
662,0.5653553048683484
663,0.17042193369200737
664,0.8057106489840815
665,0.9278972438861633
666,0.5844962239317902
667,0.4368328663956993
668,0.7689129122577938
669,0.2462853212679784
670,0.6517296451356737
671,0.20515827356062638
672,0.9601017984588036
673,0.8800096751079707
674,0.7877052851738645
675,0.658003237100478
676,0.14170842470785916
677,0.18710381421164946
678,0.4522986100688973
679,0.9590666046145273
680,0.08619184063165831
681,0.15518056765080024
682,0.5910337088916551
683,0.14610801687376979
684,0.8909324290484287
685,0.9587872037104848
686,0.2585637265661127
687,0.4487610041718454
688,0.6623164168349819
689,0.1384328620225582
690,0.6384110901133422
691,0.597843809650453
692,0.7801671992930848
693,0.6644847598813253
694,0.8837704238560791
695,0.1139515688091685
696,0.6519009577773959
697,0.9237440485692024
698,0.5617967381988421
699,0.7883679913879978
700,0.7607167873649544
701,0.5414452511134973
702,0.1653207488366112
703,0.557968892464446
704,0.9617172302282885
705,0.8500132001767047
706,0.2373270935964696
707,0.7631330875495298
708,0.6899475789700587
709,0.851602057212415
710,0.891451083657327
711,0.0955331649547745
712,0.7458374897414923
713,0.7080964279834169
714,0.3165552324876489
715,0.839757379749877
716,0.5351361782025997
717,0.238821749318158
718,0.743243367845896
719,0.9282737486288333
720,0.7182445620280142
721,0.923116167097491
722,0.5684711209571518
723,0.519322427974646
724,0.2964324932970185
725,0.43947681370739994
726,0.1016051411953093
727,0.2614077576915305
728,0.1671740033337517
729,0.1330806461406405
730,0.6535440811756023
731,0.5674100536241533
732,0.8625183886794607
733,0.8254544275813531
734,0.08414097131285511
735,0.12123373455893365
736,0.19463581100844815
737,0.1623925779447368
738,0.2215420932393666
739,0.9242678433525775
740,0.7898357363985639
741,0.7256868663345233
742,0.5925315393600614
743,0.24701158273578272
744,0.7474631780589086
745,0.5246616747395895
746,0.15321905778901015
747,0.2492880837586277
748,0.5979689896914139
749,0.6571460541588136
750,0.7069246941051593
751,0.12108988773281683
752,0.6611101519143445
753,0.8134160763169587
754,0.8012301697888825
755,0.7281815285668306
756,0.5154499448891541
757,0.4814325311084727
758,0.24578151471009513
759,0.7898977022753744
760,0.8506910317050084
761,0.8733777457595817
762,0.6966246355129265
763,0.9338660139560775
764,0.5943759612905081
765,0.7554815301056033
766,0.7224796841653298
767,0.7287436981530899
768,0.5485287236611557
769,0.7565112507840888
770,0.738468025050246
771,0.11714170265836031
772,0.33025533941878477
773,0.23607655640421032
774,0.22977646818373304
775,0.8786397247665475
776,0.8307478491055629
777,0.5004287271578266
778,0.6242936384636406
779,0.08471224332155744
780,0.9100356220346333
781,0.9224046640190788
782,0.9299445194385064
783,0.1490795308669221
784,0.9237932616906399
785,0.16253099189790887
786,0.9625976746420392
787,0.42677893054261
788,0.5406713651451092
789,0.41728981129357745
790,0.12188173298380212
791,0.2413766458025496
792,0.07447177730339558
793,0.4676450148664123
794,0.12575613247750003
795,0.29918255020539875
796,0.966044212906419
797,0.8025381618612756
798,0.8373255431165674
799,0.4109211158906116
800,0.9104313831461625
801,0.2988022397926134
802,0.5353592459107651
803,0.5604747557711725
804,0.8639056085610585
805,0.9180245128304538
806,0.6702128652182973
807,0.6628391283202723
808,0.39687585619472154
809,0.18045047502694248
810,0.3700861506142857
811,0.7201309807110787
812,0.68961012674599
813,0.7354277340885702
814,0.8931022274472079
815,0.1588124838019416
816,0.6165032034208043
817,0.27509871059227975
818,0.7770152949312399
819,0.5663859879943043
820,0.9102394334587245
821,0.178677743082915
822,0.684184506849667
823,0.08077888524279554
824,0.07596086762542968
825,0.2579316694173226
826,0.9820877332923539
827,0.4255058458816051
828,0.7517142963229182
829,0.7178468835643241
830,0.8212861991365704
831,0.7459344508121096
832,0.7415384259091816
833,0.137965231968516
834,0.8524968297232897
835,0.1666419734278726
836,0.5421592124904747
837,0.5584179707397999
838,0.24521509955549645
839,0.701625486600567
840,0.5795898273300473
841,0.7767970171168659
842,0.096735906045246
843,0.1520971467348548
844,0.08131709730236406
845,0.8316197298220548
846,0.8435325637529834
847,0.822690317076689
848,0.6405604167867651
849,0.26979849742352013
850,0.491784578344081
851,0.7154752696621924
852,0.8241993140385702
853,0.8377535540250194
854,0.08815321369854486
855,0.7160384384955056
856,0.48134722413516745
857,0.5666682302450211
858,0.8175002205079979
859,0.2967777726456712
860,0.12659346337488164
861,0.8116280326517067
862,0.7244724328390109
863,0.612664513641528
864,0.6419430172413741
865,0.2596647434846788
866,0.31174095509699506
867,0.9506499755496993
868,0.6908127660128104
869,0.8060667172806695
870,0.6766196301296974
871,0.6004934579863974
872,0.578765882680334
873,0.6863864750240876
874,0.24161328956407147
875,0.8188788884620595
876,0.8071262227460683
877,0.38587283075515455
878,0.7137420352181538
879,0.728686298266248
880,0.26551863188189456
881,0.7414773635720074
882,0.35862368491224006
883,0.9264350136099598
884,0.1370843967298053
885,0.1643731933252638
886,0.2987337415858929
887,0.7957589010653968
888,0.5957741719512579
889,0.16593800936745437
890,0.6268334589054669
891,0.7044175144485433
892,0.7047467874068248
893,0.7889278657681363
894,0.33862732238685045
895,0.6014418411504817
896,0.7744708037652835
897,0.60131723124561
898,0.39900983557446335
899,0.09616564052631442
900,0.8571104173152773
901,0.13094775164955122
902,0.5271321240500038
903,0.16227794277731628
904,0.9536191772416204
905,0.9092709500159025
906,0.3033836521024794
907,0.485425841908791
908,0.6897517363273677
909,0.921541208329467
910,0.17213700653497216
911,0.5261989935764202
912,0.6341578930417721
913,0.9247310128954204
914,0.7065670039531042
915,0.9037651715645898
916,0.7364933246947657
917,0.21739538476831885
918,0.1170348383990729
919,0.5060406426420417
920,0.24845641614563693
921,0.5486102198576083
922,0.9230624447343382
923,0.17688076588976728
924,0.33956790107905094
925,0.8418904254474362
926,0.14088762342637134
927,0.27335066376256306
928,0.5089759731791222
929,0.07421097074958552
930,0.9009287661154304
931,0.15779941438342665
932,0.19397491492113664
933,0.08260948668523838
934,0.8950756497639804
935,0.8383058705256056
936,0.1619368053406412
937,0.7454170634875154
938,0.86206197458268
939,0.8774104926461794
940,0.21535408007581125
941,0.8706346405555973
942,0.6048915672604112
943,0.09166991717312667
944,0.4992390554145677
945,0.7186176341419248
946,0.7891501466270067
947,0.1582355431082673
948,0.8168509798970791
949,0.15028851452408976
950,0.6205276491644054
951,0.8417814901585092
952,0.5281950633070338
953,0.10672413798263464
954,0.1461326418435801
955,0.10746249530882107
956,0.13602446184325384
957,0.6353663755744614
958,0.257247224375966
959,0.13504927664201713
960,0.28452230389358646
961,0.29983219883273715
962,0.9422435556275227
963,0.4166868384644445
964,0.9077163644431312
965,0.1861215817261058
966,0.7866659248503637
967,0.2398196988996081
968,0.6526264198184212
969,0.10202518248502783
970,0.16006983685760698
971,0.16671620358718953
972,0.34428982315867795
973,0.9079956816216576
974,0.7302520458907001
975,0.7218562777898991
976,0.650453178191255
977,0.7891825181231806
978,0.25862174765702367
979,0.8673005198250094
980,0.281024766383733
981,0.36670624735850993
982,0.20620084647862832
983,0.7208684795902975
984,0.9359266030467254
985,0.6765246952051708
986,0.1852629928882728
987,0.8449694979741146
988,0.776184516874497
989,0.2409353903935263
990,0.6977975116331021
991,0.8230616366329924
992,0.1780608156901969
993,0.5755745378164095
994,0.15894894801877296
995,0.3943201790293148
996,0.6652066181455223
997,0.4702364179282169
998,0.16714746405919245
999,0.8197627368947299
1000,0.7387525444432064
1001,0.15277529593569414
1002,0.37701090456351805
1003,0.8811364733725044
1004,0.6743242155977832
1005,0.738918184123134
1006,0.11119826499590293
1007,0.7698528668507506
1008,0.9457122133800204
1009,0.613078338477212
1010,0.16992034937862308
1011,0.2532273271118496
1012,0.18355820228776462
1013,0.3827849468426721
1014,0.6242546866036878
1015,0.4145842495034829
1016,0.7742856474866713
1017,0.34233456536660295
1018,0.6686102521721471
1019,0.7076158585993371
1020,0.13241598589929962
1021,0.5020170736437566
1022,0.864984359521515
1023,0.729540723231516
1024,0.8908733652340415
1025,0.35170218696256134
1026,0.25229201461006706
1027,0.5233539653277903
1028,0.8250781260043881
1029,0.8770455988667563
1030,0.9290894975040078
1031,0.7871968374851531
1032,0.34680162937804415
1033,0.8808540909754934
1034,0.0683601071020882
1035,0.924277947598756
1036,0.687293175600983
1037,0.17085011546296258
1038,0.6416376588785855
1039,0.6758434495225011
1040,0.4806205568750922
1041,0.30317734328230256
1042,0.8769923089342794
1043,0.8891800973369213
1044,0.3860287077509892
1045,0.5162455937203353
1046,0.9388153894939686
1047,0.922050579814711
1048,0.6913037428265111
1049,0.29985866539373607
1050,0.9457415055849778
1051,0.22008601042634454
1052,0.32526318365529794
1053,0.8869162582020027
1054,0.8347571932981935
1055,0.6244243563687275
1056,0.8598802623821621
1057,0.16499845081063477
1058,0.8155589030139383
1059,0.29803615618496954
1060,0.4157677649708018
1061,0.20652024163895197
1062,0.22761277054012
1063,0.9679309449148245
1064,0.09356523409686258
1065,0.5641404145511884
1066,0.22955291298601913
1067,0.4290252524682577
1068,0.7623385158014229
1069,0.29074366367439786
1070,0.3782566105058736
1071,0.2704956560245749
1072,0.8130233072372642
1073,0.7907910612273008
1074,0.6727699384237635
1075,0.5247606104339176
1076,0.6800409131584443
1077,0.8731462176367809
1078,0.5109735165095184
1079,0.7838380712014451
1080,0.8653048233568534
1081,0.7521519077867107
1082,0.5297820695656722
1083,0.5744041214755451
1084,0.6442132449468447
1085,0.21824124460307207
1086,0.5596546659682227
1087,0.38213325734321324
1088,0.8746969539827171
1089,0.8720873846294177
1090,0.5605403993781084
1091,0.9595225046336515
1092,0.9235930600331751
1093,0.8145242559480032
1094,0.7673975819639266
1095,0.9577481231811007
1096,0.7692214505208522
1097,0.7804662862257622
1098,0.2591407861243
1099,0.24326215587705474
1100,0.8962180874454859
1101,0.09906504233787938
1102,0.8271199103117932
1103,0.9308248220644607
1104,0.26793347500029496
1105,0.27690936424508045
1106,0.9023945858637442
1107,0.253944438529809
1108,0.11727040533368867
1109,0.08522200696882913
1110,0.8949284426251415
1111,0.16731583512827075
1112,0.8302751934750887
1113,0.7827143227404194
1114,0.18554205471554103
1115,0.9412662709005986
1116,0.1481218051307527
1117,0.6504929541521751
1118,0.13024042005743455
1119,0.1329463323354074
1120,0.23389780269501528
1121,0.7005620453985648
1122,0.6605038101794246
1123,0.7640780894749819
1124,0.26004672696654924
1125,0.28353440835387134
1126,0.9115889899689007
1127,0.1785492635129583
1128,0.65451904942979
1129,0.48328643436308255
1130,0.06759446206568012
1131,0.28021875710923516
1132,0.15510042505239838
1133,0.726775040931303
1134,0.7919712476070925
1135,0.4160570168563964
1136,0.32309827272624514
1137,0.7174060455997336
1138,0.3487263279590339
1139,0.9429223126935329
1140,0.496526191677587
1141,0.28037576443078244
1142,0.5676828270260936
1143,0.7578420241048879
1144,0.5530765220599948
1145,0.29543071327516657
1146,0.7729567716660943
1147,0.7743945966665653
1148,0.2563737597430574
1149,0.7176104902755901
1150,0.9172577899291795
1151,0.7938074051806773
1152,0.8954591802064727
1153,0.15253131072438642
1154,0.7688175317548939
1155,0.733713458163115
1156,0.5921201390544669
1157,0.059909356055985914
1158,0.5572437385355309
1159,0.14189140902706224
1160,0.8174865215108125
1161,0.6359798934792744
1162,0.7600973976235353
1163,0.9083088610624939
1164,0.25608602716119877
1165,0.5935238501099911
1166,0.17273504018969396
1167,0.8302267406080784
1168,0.12255737671806072
1169,0.73613248427942
1170,0.11507973369491391
1171,0.7950430349322634
1172,0.825164735667717
1173,0.34096610089750223
1174,0.5569017478822682
1175,0.9141753485360847
1176,0.2191274328845372
1177,0.6350320602323561
1178,0.7174136452078703
1179,0.29976846365758325
1180,0.23395890245390177
1181,0.8960741803792291
1182,0.42502249567073214
1183,0.7025768011728593
1184,0.21041140780607778
1185,0.7076473571075422
1186,0.8077527489723888
1187,0.42033992401423226
1188,0.31386706289546373
1189,0.8510715112011693
1190,0.2258486646612341
1191,0.04043820182591745
1192,0.36464267631545244
1193,0.8813720029393525
1194,0.5731329526850545
1195,0.7691830056099982
1196,0.07233379149953426
1197,0.8639036816470695
1198,0.7965811034544237
1199,0.9046659445018049
1200,0.23254955288130852
1201,0.8544605491206905
1202,0.8076724947774572
1203,0.7885021436596581
1204,0.6751652325703689
1205,0.5339768174888947
1206,0.779990904353825
1207,0.49563228011401483
1208,0.8822743500983689
1209,0.16415830000516
1210,0.8510648343337709
1211,0.14488764769952078
1212,0.7697851234099814
1213,0.21957726084440604
1214,0.4410813298277414
1215,0.6073405575675017
1216,0.7658450422887239
1217,0.5255057321380878
1218,0.6830089928430979
1219,0.436462258862114
1220,0.9170968438997309
1221,0.6931077339947043
1222,0.9105976823138248
1223,0.6744557642131266
1224,0.8414843788647408
1225,0.47811000115897834
1226,0.43462041095659937
1227,0.7853567409337388
1228,0.754218412185684
1229,0.9635325500336924
1230,0.7926106077735435
1231,0.7845715476094459
1232,0.7673686396382698
1233,0.696223417069228
1234,0.6402602298817381
1235,0.4264024610833131
1236,0.5005079516615688
1237,0.27618614325175755
1238,0.828977953943529
1239,0.43165298320052525
1240,0.3852455378932625
1241,0.9191752816581845
1242,0.24690747485432815
1243,0.09051231845984556
1244,0.09887401110247972
1245,0.7683802794490784
1246,0.23300789493887697
1247,0.29468605962883704
1248,0.23924089983148605
1249,0.8639879358227338
1250,0.6117594315667811
1251,0.11911219971561851
1252,0.3470967113839837
1253,0.5013560429371553
1254,0.23757042538670187
1255,0.6129803769879822
1256,0.7898730585834595
1257,0.6685799720761911
1258,0.6404571888561887
1259,0.8893344841612275
1260,0.7364439502203594
1261,0.9213820382576426
1262,0.789127510031683
1263,0.799278822915162
1264,0.7571104790968899
1265,0.8409003241107366
1266,0.6804832765828003
1267,0.8170448548908703
1268,0.7147849238812037
1269,0.25888042388043486
1270,0.25383303034877247
1271,0.21142192715720412
1272,0.9328194519421641
1273,0.5491746289206245
1274,0.8502542349687162
1275,0.8502243980939269
1276,0.2663208217289351
1277,0.7425153160409147
1278,0.6597596610098585
1279,0.8935265535809249
1280,0.726172045131529
1281,0.8302335610263791
1282,0.8077568593009266
1283,0.7397715221129768
1284,0.09860237319491298
1285,0.5667710951387551
1286,0.8221867230711484
1287,0.3465466097389222
1288,0.4640075746026239
1289,0.23195084438434477
1290,0.8862686645625972
1291,0.8527310953950589
1292,0.6743769308622171
1293,0.09134325731070896
1294,0.8321153477249049
1295,0.6329884300111995
1296,0.29000983641941463
1297,0.15128415511863536
1298,0.6267336167655402
1299,0.8465781150557279
1300,0.22220925808740266
1301,0.19631825754596843
1302,0.20695261702879017
1303,0.8737978019228724
1304,0.7285117788719413
1305,0.2837128069180272
1306,0.8447854577924315
1307,0.9568269321639796
1308,0.6343264243160056
1309,0.7821021281677112
1310,0.791204209068616
1311,0.6931929815569458
1312,0.806906292228223
1313,0.16267727831317005
1314,0.5862210424806585
1315,0.7388119179236118
1316,0.523252978519508
1317,0.10380805603652214
1318,0.1653783083219961
1319,0.07762695127968419
1320,0.5329653213567134
1321,0.8319931059629938
1322,0.4415584929923941
1323,0.2369171793260218
1324,0.9086828938092072
1325,0.7501113683229986
1326,0.8901133195233248
1327,0.40492283888346225
1328,0.11944896857893178
1329,0.3382039969070906
1330,0.7837895397725172
1331,0.25270228551886387
1332,0.8171159310749542
1333,0.895057092077177
1334,0.07838089746848194
1335,0.6294599143782552
1336,0.964680856104144
1337,0.21487376413091225
1338,0.2050117058142773
1339,0.3798897421527573
1340,0.15995340531384247
1341,0.9115867912928156
1342,0.8926162642167673
1343,0.8639630348068761
1344,0.7927164316409903
1345,0.88830685447073
1346,0.7944473232452556
1347,0.3316041582457429
1348,0.8948016336064654
1349,0.8880824575354098
1350,0.841431824848681
1351,0.737799397159576
1352,0.35089645206593334
1353,0.7992154257617318
1354,0.9769161412618238
1355,0.8100185026732708
1356,0.27256257633650366
1357,0.6543008324480526
1358,0.14064651774003517
1359,0.3383934695601932
1360,0.5859402501530714
1361,0.9355302415104876
1362,0.6185931531448835
1363,0.5792468544398494
1364,0.7835043511736772
1365,0.7591389766710536
1366,0.6694737449988545
1367,0.9045504003901378
1368,0.6100591101508426
1369,0.9001437971857866
1370,0.6024628038606945
1371,0.7646820636525432
1372,0.875088976732561
1373,0.9054832092357663
1374,0.1329623165279026
1375,0.5011055323080311
1376,0.5293230839118102
1377,0.8685195445370121
1378,0.6892066014808266
1379,0.14014491526818937
1380,0.526405041262506
1381,0.8594480859769122
1382,0.5386255545630682
1383,0.9555197085759446
1384,0.6042095913217332
1385,0.17850700334042333
1386,0.7145444796013144
1387,0.7883165785139171
1388,0.7141188260981675
1389,0.18018480434375
1390,0.7513622348269346
1391,0.5976553405030717
1392,0.7603232092041665
1393,0.8648728702068311
1394,0.8495923442153507
1395,0.45349147396988093
1396,0.6057604814622343
1397,0.15086811244238604
1398,0.1662806694896475
1399,0.7355844200417122
1400,0.4872845058613765
1401,0.6052968628476022
1402,0.9044086171646264
1403,0.8746312316067562
1404,0.06652543814328069
1405,0.14000124473513223
1406,0.6155679675908325
1407,0.12406249680641278
1408,0.8425565699565463
1409,0.711620920458091
1410,0.6891225526194025
1411,0.2128617036332929
1412,0.47136298689158274
1413,0.7780066902336898
1414,0.7527699059393237
1415,0.6980161858709656
1416,0.13826208608157203
1417,0.5090511028407416
1418,0.7237718210757171
1419,0.5153699039447028
1420,0.8510678172400259
1421,0.1191923418734171
1422,0.6731273249369424
1423,0.7579462137214701
1424,0.3991543492729791
1425,0.1624261852051132
1426,0.5754821226102603
1427,0.09776219516971342
1428,0.1535644737068106
1429,0.44534479522455667
1430,0.6391211057538074
1431,0.6445704972213558
1432,0.38288279514377355
1433,0.1205116381534555
1434,0.2473844266266383
1435,0.49503723185153586
1436,0.30781477238890115
1437,0.2341769379881241
1438,0.9534729774582611
1439,0.13470245671551817
1440,0.9062936060389875
1441,0.8187796314876871
1442,0.24592804961613668
1443,0.7094010452845709
1444,0.09069294269847777
1445,0.2801174681250535
1446,0.14905609489304597
1447,0.27604715394901486
1448,0.1950602168484748
1449,0.6759589103454319
1450,0.6928201047119593
1451,0.95146728366506
1452,0.36075736809378295
1453,0.22908056736937948
1454,0.37423243430834624
1455,0.7061191080622493
1456,0.7696574050835908
1457,0.8916593796525892
1458,0.43466451795549976
1459,0.7007820197962312
1460,0.39455032031452847
1461,0.20048383566373595
1462,0.9279283719759084
1463,0.4562041784532874
1464,0.6956392242927956
1465,0.9753874097209815
1466,0.08874378128264664
1467,0.7160654349402
1468,0.12992465952955295
1469,0.5240578137279623
1470,0.9479130843720984
1471,0.8865603793594938
1472,0.5594525339643401
1473,0.5844137794558929
1474,0.145478163515557
1475,0.40049839142554977
1476,0.6443435167704001
1477,0.9283580121950104
1478,0.09421181407521102
1479,0.646537124030916
1480,0.4739343445136087
1481,0.16695445047154728
1482,0.25680131084602287
1483,0.610418846159665
1484,0.7078172477779037
1485,0.3315923816981255
1486,0.0734056679127991
1487,0.20846689865899143
1488,0.20991643475979643
1489,0.21764267030209353
1490,0.853740355245306
1491,0.8265915586057571
1492,0.24384617959692684
1493,0.8558367713335386
1494,0.2528195869982749
1495,0.7308671140318515
1496,0.825022976847607
1497,0.5088385367516649
1498,0.8475345299029472
1499,0.2034635864010134
1500,0.7863205633661621
1501,0.2805847189717414
1502,0.6139114391736702
1503,0.7553378801769024
1504,0.49114579493911054
1505,0.5620171410832423
1506,0.12026462355386644
1507,0.6226579753815903
1508,0.830688991732743
1509,0.786066321487624
1510,0.7505102962020425
1511,0.7739242814247986
1512,0.6741758553125023
1513,0.73107351149215
1514,0.7887572212532342
1515,0.1872203821683957
1516,0.12065856273489994
1517,0.2831617255707599
1518,0.6142390059726116
1519,0.6864258073478545
1520,0.09287136429306958
1521,0.18312757987106165
1522,0.8739635640612058
1523,0.23072338903599288
1524,0.10111787763295241
1525,0.7978081453224358
1526,0.13195153170157362
1527,0.231752023159638
1528,0.7352774038469385
1529,0.8110684243376863
1530,0.3623603707160807
1531,0.6832808488504905
1532,0.7881132186804765
1533,0.8114009625261753
1534,0.11535320222971818
1535,0.8900136039849775
1536,0.5427368208270156
1537,0.4079746530930186
1538,0.154921679969847
1539,0.726150091229984
1540,0.8328870575434051
1541,0.7389000956961027
1542,0.5855300129048998
1543,0.07603005549987171
1544,0.7827475709619568
1545,0.7108895701711445
1546,0.7533945061361973
1547,0.6682149654186029
1548,0.78587550069732
1549,0.9446327547654334
1550,0.1748923013534747
1551,0.9046394043906861
1552,0.8744799485967997
1553,0.6173955172232665
1554,0.7377215129617316
1555,0.8235763522953982
1556,0.7890060069168842
1557,0.5271121248222012
1558,0.8011033812858117
1559,0.7149139840374354
1560,0.7935181486227959
1561,0.40112482011357903
1562,0.1201673017121935
1563,0.14876147047050847
1564,0.7513370061042325
1565,0.5404309786375843
1566,0.5709453496934425
1567,0.8794243593298915
1568,0.2233788599232663
1569,0.3934222517379667
1570,0.7367836099444791
1571,0.8153933064368243
1572,0.7628448446710856
1573,0.7435209030673209
1574,0.6055243926119395
1575,0.22004823817872354
1576,0.7767281473561766
1577,0.7318604697405146
1578,0.6700173760728085
1579,0.8214911250824795
1580,0.747948139084958
1581,0.667128237508875
1582,0.6022233565147186
1583,0.8285258067095932
1584,0.7873276576937119
1585,0.7935302697808081
1586,0.3911081405920169
1587,0.8672016389218838
1588,0.7632046354931079
1589,0.179251203089447
1590,0.10847616693947107
1591,0.1826381946708691
1592,0.8278587176609267
1593,0.9137818740768502
1594,0.24443962194495805
1595,0.5986158675512941
1596,0.6679986723996171
1597,0.7192845698450715
1598,0.7757419638072487
1599,0.6995222700634122
1600,0.6836033322586822
1601,0.8378946912349775
1602,0.3488723641177275
1603,0.2124187265528573
1604,0.919597141879769
1605,0.10075644610105298
1606,0.25206547716864613
1607,0.906933091867832
1608,0.189971116974139
1609,0.7913899019721893
1610,0.8271918084516238
1611,0.8812469718387733
1612,0.7870548527770416
1613,0.8153722977330414
1614,0.26636335011641254
1615,0.6400400245022454
1616,0.6653720322831108
1617,0.11645891849208068
1618,0.5786772950813668
1619,0.9488970991647386
1620,0.9385309164583722
1621,0.1290017759245199
1622,0.8766850518461174
1623,0.4443146975869611
1624,0.9431302681854695
1625,0.7252770309374247
1626,0.22245583264232788
1627,0.0938451599073186
1628,0.4959944480152419
1629,0.7997076564194596
1630,0.05406859163252669
1631,0.641580703330484
1632,0.7889970052863521
1633,0.6937289555427602
1634,0.1829449589603822
1635,0.45341484263022214
1636,0.17285547762566586
1637,0.5883486964159982
1638,0.8756850214151222
1639,0.10411197174464186
1640,0.7718138182573215
1641,0.2860932761632497
1642,0.9047036934446719
1643,0.9650657989269763
1644,0.15293869639030402
1645,0.8977648872510066
1646,0.6575860134308024
1647,0.7466796704778246
1648,0.8386910862934998
1649,0.7548789131663317
1650,0.36763604429551927
1651,0.9137724033577215
1652,0.8093510521304547
1653,0.4618792257554468
1654,0.7354621762026544
1655,0.18284340247965866
1656,0.8324777746521406
1657,0.7978679156215962
1658,0.9056771476690535
1659,0.25614616647785876
1660,0.9564173949156387
1661,0.22158094719733915
1662,0.30117527296247903
1663,0.1338325790695025
1664,0.675770602158774
1665,0.6333823376002303
1666,0.4043860534182169
1667,0.7365435416661755
1668,0.09229957405799015
1669,0.8668339658914838
1670,0.6436073533369354
1671,0.3131915622945715
1672,0.6560228558261514
1673,0.27600355863834986
1674,0.15083213005818982
1675,0.39967351446454175
1676,0.7739259546647015
1677,0.13435704588085925
1678,0.7583186987143685
1679,0.3190634624117638
1680,0.40229360991791524
1681,0.8847226368188942
1682,0.26469426391029544
1683,0.8946213214950921
1684,0.7717557174238852
1685,0.7612873036962199
1686,0.24513569654635023
1687,0.8184845859906319
1688,0.6809206997337158
1689,0.5428733723656085
1690,0.7522445216990538
1691,0.7618629392330702
1692,0.08356826502067838
1693,0.23688912478800034
1694,0.9339127643609149
1695,0.5622794676033815
1696,0.1818398152769776
1697,0.9332318152426066
1698,0.09688104752379287
1699,0.12381942486703937
1700,0.22795895019149517
1701,0.7288759723189757
1702,0.9198700499220265
1703,0.6119112355002423
1704,0.7937572197158352
1705,0.19959844529914067
1706,0.6822837496018043
1707,0.8585826711899037
1708,0.1287510836158409
1709,0.8497147675328545
1710,0.13945741992378374
1711,0.3140657681872764
1712,0.5282176526644237
1713,0.13030754866039948
1714,0.3699075876094351
1715,0.2906319827824291
1716,0.13883365951477156
1717,0.6529044061068311
1718,0.7930450024728518
1719,0.9358651195340667
1720,0.42953522074573786
1721,0.24981880259890477
1722,0.13822705915628744
1723,0.4975989360003612
1724,0.3977610260298395
1725,0.30320213239761207
1726,0.9517182390301292
1727,0.9491507249718886
1728,0.47768129433318707
1729,0.9245726166089768
1730,0.8377319714957643
1731,0.6688739104967267
1732,0.07176607460627837
1733,0.6951659050065822
1734,0.8461911691191344
1735,0.7347532576821311
1736,0.9104420608055385
1737,0.11409930076045087
1738,0.8100343968791195
1739,0.8964415331577452
1740,0.9041316959826979
1741,0.7089600601324132
1742,0.8743386518104229
1743,0.5820660290619147
1744,0.12139509927901851
1745,0.18182197324547908
1746,0.2545288465427216
1747,0.11566651429721315
1748,0.7662167935535017
1749,0.9700536263695321
1750,0.34243266135916994
1751,0.8359900079511298
1752,0.8854178154325409
1753,0.5882751409348879
1754,0.2043453456709859
1755,0.15978944065729211
1756,0.6526496065307749
1757,0.39881934241167327
1758,0.2779814487040718
1759,0.8090937994359672
1760,0.8790521714387861
1761,0.8856867420646959
1762,0.7716270628844423
1763,0.07281109020884281
1764,0.3945201076332969
1765,0.8204263188158054
1766,0.8696393769858389
1767,0.8903260306868271
1768,0.26459367814755147
1769,0.9440010222130394
1770,0.6255902772377893
1771,0.7967773247189636
1772,0.7642184355524191
1773,0.7259177002305263
1774,0.6206640530034977
1775,0.27690638219399477
1776,0.817461012345432
1777,0.10287889048821856
1778,0.7535148902853565
1779,0.28757252082250306
1780,0.2932536999838443
1781,0.8177264352993235
1782,0.6702815648329956
1783,0.22746887880619893
1784,0.8941418750942317
1785,0.8480743300673148
1786,0.12180771641630579
1787,0.5166677258976582
1788,0.27805788821821276
1789,0.5113060254492455
1790,0.33711080331894544
1791,0.409544308082607
1792,0.8932531661692285
1793,0.9146090027459167
1794,0.02711180717584328
1795,0.14659559909963665
1796,0.8688017463693269
1797,0.5588704593183765
1798,0.6966063071240629
1799,0.758870254820613
1800,0.3244748952663128
1801,0.9429160803017957
1802,0.17062506204955602
1803,0.06571175812206485
1804,0.4920079766525136
1805,0.8878293222595566
1806,0.6206169074132807
1807,0.7906540681964228
1808,0.20099753925831676
1809,0.6070646842581204
1810,0.7390026123528731
1811,0.9364456031685084
1812,0.6165246045537789
1813,0.5516124461538605
1814,0.7357075071465687
1815,0.7883979163043147
1816,0.5925081508147841
1817,0.7622373255829472
1818,0.3705505423357247
1819,0.6598217279821675
1820,0.2823858587569383
1821,0.22737454172044744
1822,0.3835695449200098
1823,0.7988350003372119
1824,0.9242564813856736
1825,0.7936434289331954
1826,0.9722274960748137
1827,0.627256868226827
1828,0.8522755754135708
1829,0.5293798118672608
1830,0.9295672566639662
1831,0.24230313097747214
1832,0.207915745259737
1833,0.7841921739339307
1834,0.7797034274230108
1835,0.38335752946920276
1836,0.8260898345484108
1837,0.24150812063728486
1838,0.2205766707568198
1839,0.9627566833064083
1840,0.6925216248052647
1841,0.16404830792638483
1842,0.7434494637698378
1843,0.7678765185188644
1844,0.22776113911308674
1845,0.9516478928677089
1846,0.4801573975774895
1847,0.95564632851536
1848,0.5995833554042821
1849,0.24962098604426589
1850,0.6992325222627434
1851,0.9047658318515245
1852,0.220152278028822
1853,0.19401925622222044
1854,0.8339934917307135
1855,0.9035520962367835
1856,0.8615387963920759
1857,0.5730327609058217
1858,0.20594820475148426
1859,0.40280800211119777
1860,0.8089071531639228
1861,0.6450695839336507
1862,0.12778462264353813
1863,0.4376305760995669
1864,0.7816625392419506
1865,0.6969484425119408
1866,0.930700107117714
1867,0.6890685882246208
1868,0.835396006062069
1869,0.7629415528422876
1870,0.3068573119967005
1871,0.9591779929151634
1872,0.7884600637803822
1873,0.2562638682365877
1874,0.28225772588312104
1875,0.26002961745454506
1876,0.8651144277389713
1877,0.13301928081299322
1878,0.11375791945278788
1879,0.5507871179323093
1880,0.7775018663129525
1881,0.7408957038611649
1882,0.25415917290423
1883,0.571106785759234
1884,0.15154841032007854
1885,0.7540993995912917
1886,0.37996005411716205
1887,0.8484584223004302
1888,0.9086755927518222
1889,0.9370650664931368
1890,0.1504600886600114
1891,0.7992806643547165
1892,0.7027177531098191
1893,0.5706972857229686
1894,0.21219765792191275
1895,0.6138529074022523
1896,0.9089848833732818
1897,0.826671799266646
1898,0.538578698371344
1899,0.8177870688041156
1900,0.21668637614427155
1901,0.9154431798965278
1902,0.6587937759707366
1903,0.3216800642203418
1904,0.12592614833172064
1905,0.22229017494731937
1906,0.17615466725566414
1907,0.7353787953482772
1908,0.5757151281312122
1909,0.8315424125238388
1910,0.5143058859146629
1911,0.6673328210967154
1912,0.8088273115360466
1913,0.14331365600502743
1914,0.7917118274340904
1915,0.8425056601760205
1916,0.24981461869380286
1917,0.11835099055134696
1918,0.23385757502409005
1919,0.7442280950009483
1920,0.5748822633053418
1921,0.9208829117561435
1922,0.7108335641784711
1923,0.17464301267644952
1924,0.2718696053658206
1925,0.5667640849379436
1926,0.6176037510662056
1927,0.26193558087973906
1928,0.6919685984344015
1929,0.6273700708941435
1930,0.2691794040700541
1931,0.20414636003122927
1932,0.2798714363207307
1933,0.3264011035254026
1934,0.6999382769006266
1935,0.12731521949088298
1936,0.16852979538225776
1937,0.3008520496342126
1938,0.9057384193637316
1939,0.4420557981034878
1940,0.384384152147063
1941,0.9522165781775532
1942,0.8906113709605843
1943,0.7483396524330647
1944,0.6320935643769915
1945,0.1540756876212568
1946,0.10220342884935475
1947,0.2943497108754946
1948,0.2943409039996663
1949,0.15735211287337794
1950,0.8102767429958012
1951,0.7410630260059478
1952,0.2260481010323597
1953,0.7944636845875416
1954,0.2819418329156689
1955,0.7127583437398994
1956,0.15446792366654274
1957,0.20659996585786963
1958,0.2392783311867716
1959,0.7759876474030449
1960,0.9339009861918287
1961,0.15490033193309632
1962,0.2889997588618974
1963,0.26743389463902506
1964,0.7600481029003688
1965,0.3718118211808199
1966,0.2863025553161179
1967,0.9442106997917109
1968,0.377397512962021
1969,0.6498425972009161
1970,0.5443378466735902
1971,0.7592356484044495
1972,0.8622899048045333
1973,0.8594880065243288
1974,0.4538366205094439
1975,0.738468523048155
1976,0.7551041621725512
1977,0.13410883245950145
1978,0.8423317886811398
1979,0.09160176698167113
1980,0.5046275475547415
1981,0.6711899666076514
1982,0.11175984439328601
1983,0.6428014425937801
1984,0.10060985668215179
1985,0.06135242311306426
1986,0.9052704081984819
1987,0.47711414716310774
1988,0.6474001471802218
1989,0.902066212925398
1990,0.5079628656826921
1991,0.30169528184419814
1992,0.9355692405708597
1993,0.6983553187674225
1994,0.5855192092487543
1995,0.746545841834741
1996,0.8190529615835497
1997,0.8756485279167396
1998,0.8288830578033042
1999,0.5050340453139459
2000,0.6126611757504807
2001,0.49240771342434303
2002,0.7950396208632367
2003,0.47330148381132836
2004,0.7725946805048334
2005,0.6471835587199906
2006,0.12160700383887608
2007,0.0991478533981815
2008,0.8020034583132328
2009,0.20105042206945203
2010,0.15860514818456847
2011,0.19167720233215885
2012,0.27422376661890513
2013,0.6006479883403081
2014,0.8588999265939123
2015,0.8002394198703782
2016,0.8201504963838088
2017,0.32559290419035475
2018,0.5577257813487638
2019,0.38658170700083044
2020,0.8983730747301338
2021,0.36961460564416365
2022,0.7450488819725495
2023,0.27035465690462174
2024,0.3395451962356115
2025,0.27332460113334633
2026,0.11112109726235558
2027,0.09821000061825756
2028,0.2999020716931024
2029,0.1855949063712335
2030,0.9381996136555553
2031,0.6580253579975215
2032,0.8282099866113036
2033,0.543634691131696
2034,0.1467789420800918
2035,0.7624661288227503
2036,0.828582307636378
2037,0.14842949656889248
2038,0.821278403674411
2039,0.7200291773772554
2040,0.7972319875243574
2041,0.6636341444383311
2042,0.26955386117208735
2043,0.5375936801432969
2044,0.1894414855490692
2045,0.17216376184874788
2046,0.6665734979388181
2047,0.906852933087937
2048,0.9620935613214663
2049,0.03225964306403198
2050,0.13019194603868428
2051,0.18569402229861426
2052,0.9763585731191989
2053,0.9274131606680092
2054,0.7735243671230952
2055,0.6824144992582583
2056,0.9392860664770931
2057,0.7827530750265028
2058,0.9000687210872893
2059,0.8177697714447622
2060,0.44158306532544567
2061,0.4710925182587389
2062,0.9565462576984952
2063,0.5598674974189993
2064,0.18580236028019004
2065,0.07847140690020528
2066,0.837597356708951
2067,0.6022454084326783
2068,0.44899459638862355
2069,0.8964173599686017
2070,0.8825295617103316
2071,0.48826147140134624
2072,0.3147010016537312
2073,0.6956646898047824
2074,0.7942846678133036
2075,0.2772769100019917
2076,0.8331119214851079
2077,0.17000611417486813
2078,0.8142871183237138
2079,0.7838835691991144
2080,0.8546208119209833
2081,0.8110234025529564
2082,0.4879940652432599
2083,0.8341857044619444
2084,0.86980001111205
2085,0.1410973606347941
2086,0.15217404061604678
2087,0.08755991937874039
2088,0.8068789084456496
2089,0.6728724306858568
2090,0.19388452536270365
2091,0.1712574079092304
2092,0.7526615918391072
2093,0.2396979901325776
2094,0.4738385918265236
2095,0.8333221036116344
2096,0.6491990405606657
2097,0.8469816966787048
2098,0.7163981637645924
2099,0.7774500097234163
2100,0.6185481570930526
2101,0.668474892125352
2102,0.37697201105167083
2103,0.5901911164781625
2104,0.8835769039757576
2105,0.5419125354603082
2106,0.15157394104441405
2107,0.8884792599202532
2108,0.8596518927681384
2109,0.8695198156213845
2110,0.6238785602770541
2111,0.5859096222132213
2112,0.1060334177788058
2113,0.6688927543415634
2114,0.27338864943318525
2115,0.423203722502971
2116,0.13864320354897522
2117,0.7574015952018577
2118,0.35340854116613307
2119,0.15342096174591402
2120,0.7726077721293517
2121,0.5680374650533335
2122,0.763259939751798
2123,0.8321127728315215
2124,0.319304536136386
2125,0.7637819746579932
2126,0.4249821649073477
2127,0.782482811726921
2128,0.6945367479372692
2129,0.794061855868327
2130,0.2523886996868348
2131,0.9434286634846247
2132,0.5269877990199873
2133,0.15960202333903742
2134,0.8579083726606557
2135,0.617636488498792
2136,0.23832899883353134
2137,0.5705975600237558
2138,0.8310098395224595
2139,0.8969859063034074
2140,0.13514319249787463
2141,0.5226606400646222
2142,0.7524767771840576
2143,0.5671276874289071
2144,0.21255129422471897
2145,0.19594679693585842
2146,0.8484232241815264
2147,0.8338538777064647
2148,0.6566087318380458
2149,0.6163733827062216
2150,0.47037940153599045
2151,0.2704947915202981
2152,0.7276587772132563
2153,0.6396722471534887
2154,0.7586927575822625
2155,0.6779079852896748
2156,0.12144821113627677
2157,0.13475354381629895
2158,0.2861596769907234
2159,0.6749296701117716
2160,0.8868818703605205
2161,0.8857814228180036
2162,0.909092989356663
2163,0.650256062830753
2164,0.8348194075567229
2165,0.6921214844645999
2166,0.7198186609519291
2167,0.7449982221362595
2168,0.23210956968826027
2169,0.08520557889031596
2170,0.672622281923626
2171,0.8064675807224259
2172,0.769437852074444
2173,0.17453480199791754
2174,0.25194660131663804
2175,0.16169579020261707
2176,0.7289663566217447
2177,0.23280205640577112
2178,0.062219821491269665
2179,0.730131283192823
2180,0.8764722367226288
2181,0.5848894758468354
2182,0.657574837937852
2183,0.9179795663391848
2184,0.16052949717734355
2185,0.7247980667462743
2186,0.6169321024273866
2187,0.13937871823702208
2188,0.8318303736374816
2189,0.4072492185413608
2190,0.7552833370070137
2191,0.37755121264220187
2192,0.4465888647524587
2193,0.28597871789306856
2194,0.3010207002868971
2195,0.2440580910860174
2196,0.44433934861976054
2197,0.2357034098546438
2198,0.3223371247865165
2199,0.813483556457277
2200,0.78268517430699
2201,0.813896277011775
2202,0.8569981647370454
2203,0.30894966205283286
2204,0.8574743201659782
2205,0.2100063885304793
2206,0.5843408563069453
2207,0.3432496711790109
2208,0.9157898162395891
2209,0.08407194702320034
2210,0.040308447365608485
2211,0.8175697336239356
2212,0.7785996854683516
2213,0.8468816804331702
2214,0.5692594450711612
2215,0.9549801470932447
2216,0.8129260258026049
2217,0.7618953832970697
2218,0.35708712122911834
2219,0.6622816507605771
2220,0.9038324409145063
2221,0.5863248488637581
2222,0.7393436478350766
2223,0.7809843180791397
2224,0.1969739801816544
2225,0.1275490570808619
2226,0.3808619183501162
2227,0.2803949872192348
2228,0.7717495878980853
2229,0.30554756514411613
2230,0.5617327051057466
2231,0.8671825643486561
2232,0.07254735954068038
2233,0.7632495025019759
2234,0.5561840650221282
2235,0.3893272925196577
2236,0.2595503943016493
2237,0.19102537152919818
2238,0.27572670366078783
2239,0.8837291918125679
2240,0.1223276557210316
2241,0.9011387672727978
2242,0.8883442323398747
2243,0.3268570526373172
2244,0.9350305082933894
2245,0.7316618394182046
2246,0.2178444396483766
2247,0.5168565438537986
2248,0.8279095195908687
2249,0.7911261463352091
2250,0.48682401438513256
2251,0.2363875830736519
2252,0.17243099243753693
2253,0.45693619492171
2254,0.8615746204898984
2255,0.5337200832952255
2256,0.7027732145946181
2257,0.06433429818571137
2258,0.5510108971979117
2259,0.5233710550850746
2260,0.8074534658941943
2261,0.7846000374373738
2262,0.1679983955723445
2263,0.21417840571843458
2264,0.21443337919318786
2265,0.8936884943401842
2266,0.9142305844022978
2267,0.738610092993919
2268,0.9329775950830856
2269,0.20119254530080105
2270,0.1970424275772046
2271,0.9442413423919274
2272,0.35580289631275647
2273,0.7628660305896103
2274,0.5742954992292139
2275,0.7176495886669563
2276,0.7690359266151566
2277,0.12669693888746197
2278,0.7551495737129901
2279,0.3963413842295555
2280,0.19792119960353693
2281,0.44723905044698675
2282,0.18304645710900158
2283,0.3470904409601535
2284,0.3178180670157459
2285,0.20359254260138035
2286,0.24723256350569958
2287,0.15981650248063278
2288,0.6679863103250291
2289,0.7822566971416556
2290,0.6539864845437184
2291,0.7509321009354373
2292,0.20400331399053367
2293,0.8754180419704578
2294,0.5230142934667786
2295,0.8887150951191787
2296,0.30661616120054974
2297,0.34475111881626197
2298,0.6884601387282407
2299,0.5436589846917298
2300,0.9125692067910223
2301,0.2770578761448102
2302,0.9641507543300496
2303,0.7350460441744285
2304,0.5769294951282933
2305,0.6709736481013289
2306,0.8560872204458296
2307,0.3261019654877475
2308,0.5819526920671845
2309,0.9324813466104305
2310,0.8267068438798841
2311,0.15022882883797822
2312,0.4759603655629757
2313,0.8810880820130048
2314,0.8182199831248153
2315,0.41919478296448204
2316,0.4422892920295773
2317,0.08813965780942089
2318,0.9248681192550724
2319,0.7555774901939358
2320,0.3512930318602178
2321,0.7545576934455488
2322,0.7855444825653993
2323,0.43581466396182356
2324,0.8269964381574592
2325,0.1504731137325126
2326,0.7285163636594663
2327,0.8277834281957795
2328,0.9204217355917373
2329,0.14898790348358965
2330,0.26822429494801275
2331,0.30862690705447116
2332,0.2787567771368518
2333,0.53369515575923
2334,0.6967899351166891
2335,0.566965873016984
2336,0.9357468106239475
2337,0.14822437917582384
2338,0.7169343933836023
2339,0.10236536928995826
2340,0.7946712797458495
2341,0.7679102637091733
2342,0.8913232835001593
2343,0.8708226044545415
2344,0.5530247875958136
2345,0.6953081231635053
2346,0.703332388902189
2347,0.4989797590575507
2348,0.48971878623953863
2349,0.3381181598306922
2350,0.26698821817532803
2351,0.6979092528764455
2352,0.16466099116326297
2353,0.20639487417811453
2354,0.1885508460341825
2355,0.4171436675772895
2356,0.24395924618550027
2357,0.7252995106086869
2358,0.22855729038208453
2359,0.8977620109560918
2360,0.4326108457215828
2361,0.6131394330340691
2362,0.27834202639115735
2363,0.9118869610030562
2364,0.16296221482151857
2365,0.44222871301653144
2366,0.8398340130609776
2367,0.748821350954069
2368,0.36152602156333896
2369,0.9068038998862026
2370,0.6621965946762154
2371,0.7742563260786908
2372,0.8098807701121868
2373,0.13920931350702395
2374,0.3530546403445873
2375,0.572266744317171
2376,0.9169265860232708
2377,0.3171103379618601
2378,0.6302486264621057
2379,0.08116884221342005
2380,0.7877083566854487
2381,0.21867833994652552
2382,0.19954425487852973
2383,0.8965664802993104
2384,0.6341574027525888
2385,0.3474260609270704
2386,0.5999516017351654
2387,0.4928411187896847
2388,0.44049546066592343
2389,0.6355555230111003
2390,0.7634288379982993
2391,0.8793659212751525
2392,0.3761149501082963
2393,0.7927590845212157
2394,0.8524434448977514
2395,0.1273041016206642
2396,0.755524683405521
2397,0.07648314316654724
2398,0.10191103006903189
2399,0.5341620382928304
2400,0.7535448707758735
2401,0.48014762233705155
2402,0.601284717849588
2403,0.5025689434807061
2404,0.7816501893932334
2405,0.6740934556558957
2406,0.826071092190519
2407,0.5655553800145566
2408,0.8987557644626651
2409,0.9265785094879161
2410,0.6889497935336424
2411,0.849848632809553
2412,0.2643150451830294
2413,0.8570888663814114
2414,0.23002487656026135
2415,0.22373145435644737
2416,0.6217004267695712
2417,0.7806193222771313
2418,0.8177394045561392
2419,0.09672799223257886
2420,0.14076144518828848
2421,0.17229892049363954
2422,0.16828204698018398
2423,0.6649231578670431
2424,0.9634255682375107
2425,0.3502726283051888
2426,0.7656318712610265
2427,0.1964618560944028
2428,0.9640910861008646
2429,0.6286015503240876
2430,0.7981794347355406
2431,0.3713864186447691
2432,0.43109571037257194
2433,0.4894651670237857
2434,0.16898008426971953
2435,0.16123542737265362
2436,0.5733532389657706
2437,0.20143174701606398
2438,0.20773866482576933
2439,0.8302649944220986
2440,0.780274965749302
2441,0.9616562937599986
2442,0.27379312584135523
2443,0.14305432428982814
2444,0.6176680080497219
2445,0.6757244511425425
2446,0.5255229882863669
2447,0.813856879488611
2448,0.1463224617901276
2449,0.6431113763739473
2450,0.1862902084420506
2451,0.27912833711166
2452,0.3131575944978931
2453,0.3078569716775956
2454,0.7025035554020747
2455,0.16238897362439755
2456,0.1343225662394509
2457,0.590560813908503
2458,0.387437964986197
2459,0.15062100095666725
2460,0.9678664026182204
2461,0.7705199475680233
2462,0.8122681949520419
2463,0.9428423698368669
2464,0.9836188838665522
2465,0.71304844588499
2466,0.8578322547493189
2467,0.8423758692045901
2468,0.3134722277750501
2469,0.6356078450812322
2470,0.23639569576061945
2471,0.8155129861095284
2472,0.6880833902021796
2473,0.6259268046568228
2474,0.25825271048962856
2475,0.22356728623362337
2476,0.710266611510483
2477,0.17936527600568714
2478,0.22391388289488096
2479,0.7338731878656327
2480,0.8328299626344114
2481,0.1827645402803641
2482,0.6629659558240067
2483,0.14982994264930274
2484,0.18343014597395774
2485,0.5550965108780136
2486,0.9675549412123166
2487,0.1810471159490328
2488,0.18755577842858287
2489,0.9117802284890554
2490,0.5435657176169549
2491,0.7273468414447952
2492,0.9668138342100087
2493,0.8632932227778143
2494,0.35952069062537995
2495,0.6474710957147914
2496,0.23931041329431538
2497,0.6837205936975094
2498,0.13367534667139888
2499,0.913036432477595
2500,0.7806837397891864
2501,0.1452506080397237
